,,,,,Group Mean and SE,,,,,,,Welch t-test,,,,,GLM Results - dfifference in log-abundance,,,
description,,Overall Mean,Overall SE,,Tumor Mean,Tumor SE,Tumor Ng,Non-Tumor Mean,Non-Tumor SE,Non-Tumor Ng,,t,df,p,fdr p-value,,Est,SE,p,fdr p-value
adenosine deoxyribonucleotides de novo biosynthesis II,,0.886899999,0.002147876,,0.90479289,0.002331374,65,0.874394215,0.000975636,93,,0.528611872,114.7892431,0.299047654,0.436839226,,0.034174746,0.061696138,0.580426481,0.912709444
guanosine deoxyribonucleotides de novo biosynthesis II,,0.886899999,0.002147876,,0.90479289,0.002331374,65,0.874394215,0.000975636,93,,0.528611872,114.7892431,0.299047654,0.436839226,,0.034174746,0.061696138,0.580426481,0.912709444
CDP-diacylglycerol biosynthesis I,,0.881937985,0.001070214,,0.911700259,0.000540587,65,0.861136395,0.000250397,93,,1.797862895,119.2254045,0.037364764,0.290293074,,0.057058367,0.030536944,0.063567187,0.626514418
CDP-diacylglycerol biosynthesis II,,0.881937985,0.001070214,,0.911700259,0.000540587,65,0.861136395,0.000250397,93,,1.797862895,119.2254045,0.037364764,0.290293074,,0.057058367,0.030536944,0.063567187,0.626514418
gondoate biosynthesis (anaerobic),,0.877040006,0.001233272,,0.876292411,0.000719528,65,0.877562519,0.000346876,93,,-0.038893751,121.0160478,0.484519595,0.496009457,,-0.001448362,0.036040984,0.967995802,0.99939153
superpathway of adenosine nucleotides de novo biosynthesis I,,0.863925373,0.001338012,,0.887563546,0.000896288,65,0.84740407,0.000377098,93,,1.125402745,115.0191823,0.131380643,0.350969662,,0.04630248,0.039258398,0.240023103,0.74136083
superpathway of pyrimidine nucleobases salvage,,0.84874114,0.001342823,,0.848177532,0.000979269,65,0.849135059,0.000349868,93,,-0.026264328,108.2851274,0.489547424,0.496009457,,-0.001128286,0.040550988,0.977838171,0.99939153
pentose phosphate pathway (non-oxidative branch),,0.838785069,0.001289148,,0.853745533,0.000904985,65,0.82832883,0.000318387,93,,0.726674407,107.6820293,0.234501087,0.405687058,,0.030222965,0.039113543,0.440870146,0.873968675
adenosine ribonucleotides de novo biosynthesis,,0.826143797,0.001130065,,0.85277404,0.00066133,65,0.807531261,0.000254294,93,,1.495169832,111.2396006,0.068850836,0.309380162,,0.054512844,0.03449652,0.116076967,0.626514418
superpathway of adenosine nucleotides de novo biosynthesis II,,0.824368725,0.001311357,,0.844621818,0.00085477,65,0.810213338,0.000366853,93,,0.984457122,115.8760704,0.163470946,0.362437933,,0.041591382,0.040393523,0.304765886,0.775450111
cis-vaccenate biosynthesis,,0.809140868,0.000971397,,0.820191247,0.000425224,65,0.801417485,0.000223928,93,,0.736848453,125.0335073,0.231297442,0.405687058,,0.023155526,0.030624917,0.450728979,0.876409891
superpathway of phospholipid biosynthesis I (bacteria),,0.807329938,0.00095604,,0.837658645,0.00051502,65,0.786132456,0.000156413,93,,1.988504786,102.2183112,0.024714589,0.290293074,,0.063485375,0.029581463,0.033409735,0.626514418
pyruvate fermentation to isobutanol (engineered),,0.791745871,0.001593588,,0.728291787,0.000934088,65,0.8360955,0.00065718,93,,-2.702477663,138.1600324,0.003872961,0.290293074,,-0.138041067,0.051258383,0.007854508,0.626514418
UMP biosynthesis,,0.764024887,0.001157445,,0.787707801,0.00067888,65,0.747472312,0.000276366,93,,1.30182163,113.6157097,0.097805321,0.319871499,,0.052429947,0.038304721,0.173042247,0.670876002
guanosine ribonucleotides de novo biosynthesis,,0.754423447,0.001099428,,0.78105425,0.000614284,65,0.73581052,0.000245879,93,,1.54265162,112.9045955,0.062856784,0.309380162,,0.05967197,0.036720807,0.106177394,0.626514418
phosphatidylglycerol biosynthesis I (plastidic),,0.750250238,0.001040495,,0.783120514,0.000541397,65,0.727276389,0.000218756,93,,2.025476291,113.3003107,0.022584325,0.290293074,,0.073980015,0.034680453,0.034473243,0.626514418
phosphatidylglycerol biosynthesis II (non-plastidic),,0.750250238,0.001040495,,0.783120514,0.000541397,65,0.727276389,0.000218756,93,,2.025476291,113.3003107,0.022584325,0.290293074,,0.073980015,0.034680453,0.034473243,0.626514418
UDP-N-acetylmuramoyl-pentapeptide biosynthesis I (meso-diaminopimelate containing),,0.742661436,0.001153482,,0.769607316,0.000630412,65,0.723828294,0.000293604,93,,1.506005896,119.4691019,0.067352579,0.309380162,,0.061326205,0.039196461,0.119706494,0.626514418
5-aminoimidazole ribonucleotide biosynthesis I,,0.737044667,0.000899753,,0.758119832,0.000404943,65,0.722314713,0.000168223,93,,1.495563992,114.4759879,0.068759531,0.309380162,,0.048380528,0.030829368,0.118604187,0.626514418
superpathway of aromatic amino acid biosynthesis,,0.735905265,0.000861228,,0.738475141,0.000377248,65,0.734109115,0.000156259,93,,0.189023592,114.3509526,0.425204704,0.483278862,,0.005929764,0.029958971,0.843357898,0.99939153
peptidoglycan biosynthesis I (meso-diaminopimelate containing),,0.73356659,0.001118243,,0.759860876,0.000597217,65,0.715188863,0.000273521,93,,1.513881167,118.7235319,0.066356826,0.309380162,,0.060588708,0.038464352,0.117238152,0.626514418
Calvin-Benson-Bassham cycle,,0.732311021,0.001260723,,0.760082556,0.000999925,65,0.712900809,0.000231959,93,,1.344277883,93.63191577,0.091053247,0.313139941,,0.064084761,0.043238537,0.140325216,0.643560471
UDP-N-acetylmuramoyl-pentapeptide biosynthesis II (lysine-containing),,0.729685896,0.001227724,,0.754668009,0.000698797,65,0.712225279,0.000342654,93,,1.315176529,121.7829387,0.095460761,0.317407029,,0.057883665,0.042572889,0.175906848,0.670876002
peptidoglycan biosynthesis III (mycobacteria),,0.728071133,0.001128901,,0.754006469,0.000614027,65,0.709944285,0.000276561,93,,1.47648019,117.9847484,0.071239554,0.309380162,,0.060214453,0.03913481,0.125917669,0.626514418
5-aminoimidazole ribonucleotide biosynthesis II,,0.723099457,0.000969623,,0.739721591,0.00046388,65,0.711481837,0.000201566,93,,1.094723864,116.4123577,0.137948739,0.352065511,,0.038923997,0.034036992,0.254550004,0.74136083
superpathway of 5-aminoimidazole ribonucleotide biosynthesis,,0.723099457,0.000969623,,0.739721591,0.00046388,65,0.711481837,0.000201566,93,,1.094723864,116.4123577,0.137948739,0.352065511,,0.038923997,0.034036992,0.254550004,0.74136083
L-lysine biosynthesis III,,0.708203725,0.00083687,,0.702732097,0.000358998,65,0.712027981,0.000145884,93,,-0.413709675,113.5401056,0.339933573,0.453623731,,-0.013141476,0.030326171,0.665367972,0.951547745
chorismate biosynthesis I,,0.705136383,0.0008491,,0.709234188,0.000372899,65,0.702272326,0.00014874,93,,0.304817815,112.7584249,0.380533406,0.464320578,,0.009864522,0.030800182,0.749188598,0.967398869
chorismate biosynthesis from 3-dehydroquinate,,0.7046364,0.000965443,,0.720412481,0.000528959,65,0.693610106,0.000166573,93,,1.016283489,103.5137493,0.15593196,0.361400626,,0.037913942,0.034743939,0.276850258,0.761815537
coenzyme A biosynthesis I,,0.70459708,0.001027799,,0.729475437,0.000506918,65,0.687208981,0.000229448,93,,1.557575552,118.2025945,0.061003684,0.309380162,,0.059687258,0.036789941,0.106741276,0.626514418
L-isoleucine biosynthesis II,,0.698103862,0.001288006,,0.664232814,0.000752384,65,0.721777175,0.000379316,93,,-1.710555226,123.042632,0.044841719,0.304007682,,-0.083083758,0.047398127,0.081585108,0.626514418
inosine-5'-phosphate biosynthesis I,,0.697959631,0.000976877,,0.725271755,0.000431459,65,0.678870512,0.000217736,93,,1.821134558,123.0875509,0.035507568,0.290293074,,0.066116014,0.035207126,0.062259119,0.626514418
glycolysis III (from glucose),,0.69698714,0.001447608,,0.724009885,0.00096687,65,0.678100276,0.000480417,93,,1.206775172,122.3823056,0.114923096,0.347381177,,0.065509868,0.052566683,0.214550321,0.719374606
peptidoglycan maturation (meso-diaminopimelate containing),,0.694023114,0.001883379,,0.711729229,0.001510318,65,0.681647872,0.000886494,93,,0.614441415,130.0188391,0.269998703,0.427497946,,0.043184334,0.069157986,0.533257261,0.897656579
glycolysis I (from glucose 6-phosphate),,0.688087495,0.001296994,,0.728765405,0.000747471,65,0.659656698,0.000385799,93,,2.052891804,124.1143571,0.02109235,0.290293074,,0.099632331,0.047151363,0.036189605,0.626514418
superpathway of L-threonine biosynthesis,,0.677635635,0.00094294,,0.68103065,0.000462233,65,0.675262775,0.000182407,93,,0.227173348,112.3111613,0.410350978,0.479336738,,0.008505401,0.035604446,0.811507567,0.999356541
L-isoleucine biosynthesis I (from threonine),,0.66998929,0.001136344,,0.63174781,0.000607662,65,0.696717206,0.000277185,93,,-2.184111421,118.5449647,0.015461415,0.290293074,,-0.09788932,0.043458501,0.025687039,0.626514418
L-valine biosynthesis,,0.66998929,0.001136344,,0.63174781,0.000607662,65,0.696717206,0.000277185,93,,-2.184111421,118.5449647,0.015461415,0.290293074,,-0.09788932,0.043458501,0.025687039,0.626514418
glycolysis II (from fructose 6-phosphate),,0.666039615,0.001361511,,0.706672085,0.000877108,65,0.637640577,0.000401386,93,,1.930625255,118.687915,0.027957356,0.290293074,,0.102791981,0.051112946,0.046039867,0.626514418
superpathway of purine nucleotides de novo biosynthesis I,,0.660568383,0.000781192,,0.665890124,0.000367091,65,0.656848887,0.000100701,93,,0.418024022,98.75934373,0.33841854,0.453117442,,0.01367069,0.030202841,0.651444557,0.947140841
UDP-N-acetyl-D-glucosamine biosynthesis I,,0.654215491,0.001031002,,0.678126022,0.000528599,65,0.63750383,0.000222537,93,,1.482190744,115.0457135,0.070511784,0.309380162,,0.06177286,0.039742502,0.122132749,0.626514418
superpathway of pyrimidine ribonucleotides de novo biosynthesis,,0.653999301,0.000948505,,0.657560721,0.000554925,65,0.651510136,0.000142146,93,,0.229170525,96.57863115,0.409610495,0.479336738,,0.009244157,0.037086471,0.803487913,0.992543892
superpathway of tetrahydrofolate biosynthesis and salvage,,0.653664177,0.000962827,,0.658590572,0.000453852,65,0.650220998,0.000203678,93,,0.326396406,117.8252184,0.372351751,0.462899113,,0.012789753,0.037664477,0.734636579,0.957055671
tRNA charging,,0.652008929,0.000975356,,0.672702113,0.000440161,65,0.63754595,0.000216246,93,,1.372192903,121.8695988,0.086261907,0.309445335,,0.053676253,0.037848716,0.158133054,0.670019505
6-hydroxymethyl-dihydropterin diphosphate biosynthesis I,,0.651977616,0.000876183,,0.653591559,0.000393725,65,0.650849592,0.000160202,93,,0.116502685,113.5945212,0.45372994,0.489257129,,0.004204055,0.034414002,0.902928588,0.99939153
adenine and adenosine salvage III,,0.649436156,0.001914166,,0.677752341,0.001426573,65,0.629645274,0.000974466,93,,0.981768859,136.870032,0.163972984,0.362437933,,0.073625338,0.074893429,0.327096137,0.798661476
urate biosynthesis/inosine 5'-phosphate degradation,,0.638012031,0.001015509,,0.632237401,0.00043082,65,0.642048063,0.000262502,93,,-0.37258969,131.730404,0.355026317,0.457510209,,-0.015398207,0.040837385,0.706640315,0.951664762
superpathway of guanosine nucleotides de novo biosynthesis II,,0.635041277,0.001019763,,0.640977835,0.000631113,65,0.63089207,0.00016906,93,,0.356547195,97.98911563,0.361098705,0.457510209,,0.015860075,0.040999352,0.699403893,0.951664762
superpathway of L-isoleucine biosynthesis I,,0.63459139,0.000896435,,0.60939267,0.000420108,65,0.652203399,0.000155657,93,,-1.784144797,109.7326521,0.038581973,0.290293074,,-0.067893636,0.036241767,0.062890286,0.626514418
superpathway of guanosine nucleotides de novo biosynthesis I,,0.629581896,0.00100109,,0.636048029,0.000618629,65,0.625062556,0.000157758,93,,0.394257117,96.44078355,0.347130838,0.454308106,,0.017422342,0.040576642,0.668247301,0.951664762
superpathway of branched amino acid biosynthesis,,0.627064134,0.001096473,,0.599425118,0.000559217,65,0.646381725,0.000268974,93,,-1.631666469,120.9126968,0.052675822,0.309380162,,-0.075419176,0.044919663,0.095157997,0.626514418
homolactic fermentation,,0.622031166,0.001343143,,0.662969177,0.000875267,65,0.593418578,0.000379201,93,,1.963681261,116.2840005,0.02597688,0.290293074,,0.110828483,0.053881851,0.041363197,0.626514418
superpathway of tetrahydrofolate biosynthesis,,0.621139376,0.001055039,,0.622194766,0.000502085,65,0.620401738,0.000265762,93,,0.064706814,125.2683489,0.474255292,0.496009457,,0.002885941,0.043510682,0.947202269,0.99939153
superpathway of purine nucleotides de novo biosynthesis II,,0.617629482,0.001214425,,0.638882443,0.000596503,65,0.602775263,0.000379737,93,,1.155620137,133.7228012,0.124948597,0.350036108,,0.058176038,0.04992081,0.245649478,0.74136083
N10-formyl-tetrahydrofolate biosynthesis,,0.613323537,0.000772494,,0.598357909,0.000304458,65,0.623783386,0.000122438,93,,-1.23057486,113.1013695,0.110517534,0.339203815,,-0.041614086,0.032328406,0.199920803,0.687658625
L-isoleucine biosynthesis III,,0.610172243,0.001069093,,0.586942434,0.000525901,65,0.626408131,0.000260906,93,,-1.406972221,122.3123969,0.080985786,0.309380162,,-0.065075379,0.04502592,0.150383087,0.659371999
fatty acid elongation -- saturated,,0.603220684,0.001519086,,0.582228178,0.001043572,65,0.617892866,0.000543999,93,,-0.895100795,124.568003,0.186229769,0.373033953,,-0.059452656,0.06489185,0.360986275,0.818372293
gluconeogenesis I,,0.598983648,0.000916806,,0.602608455,0.000524353,65,0.596450181,0.000129919,93,,0.240757596,95.56232831,0.405129384,0.47824445,,0.010271938,0.039128888,0.793270415,0.988446314
pyruvate fermentation to acetate and lactate II,,0.59343727,0.002097724,,0.640799101,0.002139324,65,0.560334915,0.000946654,93,,1.448458895,117.2066781,0.07507936,0.309380162,,0.134181325,0.088592045,0.131897772,0.626514418
superpathway of pyrimidine deoxyribonucleotides de novo biosynthesis (E. coli),,0.592718556,0.000944753,,0.6004537,0.000521084,65,0.587312272,0.000154737,93,,0.505506388,101.4313149,0.307149976,0.440837556,,0.022128879,0.040637557,0.586845723,0.916870592
superpathway of L-serine and glycine biosynthesis I,,0.587989192,0.00102179,,0.563918883,0.000476036,65,0.604812527,0.000239331,93,,-1.528942535,122.9167992,0.064424052,0.309380162,,-0.070008122,0.044635137,0.118801584,0.626514418
polyisoprenoid biosynthesis (E. coli),,0.587949971,0.001045683,,0.592499459,0.000521449,65,0.584770222,0.00024709,93,,0.278806938,120.2418873,0.390435962,0.466900276,,0.013130973,0.045484207,0.773199566,0.973207025
6-hydroxymethyl-dihydropterin diphosphate biosynthesis III (Chlamydia),,0.581754602,0.000991779,,0.595719359,0.000462755,65,0.571994288,0.000223069,93,,0.905943782,121.0119831,0.183382949,0.373033953,,0.040640676,0.043345522,0.349900334,0.806995569
aerobic respiration I (cytochrome c),,0.574339025,0.003305419,,0.463617521,0.003824177,65,0.651725022,0.002987332,93,,-2.279210439,142.5366692,0.012069884,0.290293074,,-0.340562823,0.153030598,0.027484752,0.626514418
S-adenosyl-L-methionine cycle I,,0.569630005,0.00133991,,0.587919045,0.000788478,65,0.556847342,0.00043474,93,,0.888409547,127.1428217,0.187999078,0.373033953,,0.054298129,0.059781091,0.365129913,0.818465367
L-lysine biosynthesis VI,,0.569329696,0.000867136,,0.578342133,0.000381662,65,0.563030681,0.000157827,93,,0.65921199,114.2809498,0.2555429,0.421328996,,0.026831498,0.038817586,0.490454518,0.883418758
pyrimidine deoxyribonucleotides de novo biosynthesis I,,0.565675729,0.000978731,,0.571026642,0.000577866,65,0.561935843,0.00015747,93,,0.335242591,98.54230091,0.369077359,0.462899113,,0.016048183,0.044177109,0.716895589,0.951664762
(5Z)-dodec-5-enoate biosynthesis,,0.564356038,0.001264192,,0.544321227,0.000636184,65,0.578358863,0.000417599,93,,-1.048536987,135.1014418,0.148131704,0.361400626,,-0.060654982,0.057583729,0.293816042,0.771509845
galactose degradation I (Leloir pathway),,0.562386344,0.001848611,,0.613758913,0.001521494,65,0.526480785,0.000791605,93,,1.814714407,124.4797881,0.035987849,0.290293074,,0.153387367,0.082210142,0.063947537,0.626514418
starch degradation V,,0.56033409,0.0014768,,0.576908585,0.000874294,65,0.548749765,0.000570414,93,,0.740840031,134.828634,0.23003936,0.405687058,,0.050041285,0.067134653,0.457159499,0.876409891
inosine-5'-phosphate biosynthesis III,,0.560235361,0.001101128,,0.563414589,0.000602719,65,0.55801332,0.000262239,93,,0.183653154,116.4695282,0.427302455,0.483278862,,0.009632916,0.050290621,0.848347726,0.99939153
L-tryptophan biosynthesis,,0.554631144,0.001098213,,0.528480742,0.000510425,65,0.572908307,0.000295481,93,,-1.564985887,129.3832499,0.060014416,0.309380162,,-0.080719315,0.050867948,0.114573671,0.626514418
sucrose degradation III (sucrose invertase),,0.543793848,0.001605549,,0.580805059,0.001229091,65,0.517925798,0.000565563,93,,1.484284026,118.9319181,0.070189552,0.309380162,,0.114583189,0.074136155,0.124232806,0.626514418
superpathway of S-adenosyl-L-methionine biosynthesis,,0.537808924,0.000953739,,0.532422961,0.00040333,65,0.541573307,0.000220203,93,,-0.366444131,126.6899765,0.357322477,0.457510209,,-0.01704022,0.045518582,0.70864676,0.951664762
L-lysine biosynthesis I,,0.527537124,0.000792626,,0.530020143,0.000306307,65,0.525801681,0.000138784,93,,0.199953951,118.2469532,0.420930032,0.483278862,,0.007990903,0.038454307,0.83565417,0.99939153
acetylene degradation,,0.527092114,0.002152468,,0.554706656,0.0019699,65,0.507791628,0.001154724,93,,0.839292139,129.9582316,0.201423315,0.39203855,,0.088368244,0.10359479,0.394957003,0.851826185
pyrimidine deoxyribonucleotides de novo biosynthesis II,,0.526537753,0.001199288,,0.549269048,0.000627693,65,0.510650288,0.000346996,93,,1.236987422,127.2632414,0.109184746,0.339203815,,0.072903402,0.05765317,0.207930519,0.709096384
thiamin salvage II,,0.52094933,0.000917278,,0.521365166,0.000378457,65,0.520658692,0.000201419,93,,0.02933789,125.5184001,0.488320852,0.496009457,,0.001355965,0.045113639,0.976060286,0.99939153
glycogen biosynthesis I (from ADP-D-Glucose),,0.515140135,0.001417593,,0.529852131,0.000839231,65,0.504857556,0.000509713,93,,0.680532473,131.5839353,0.248681538,0.413433057,,0.048321648,0.070093915,0.491605572,0.883418758
flavin biosynthesis I (bacteria and plants),,0.513505045,0.001064213,,0.518951076,0.000556374,65,0.50969868,0.000247903,93,,0.32625055,117.5097841,0.372407557,0.462899113,,0.017989887,0.05295527,0.734525452,0.957055671
O-antigen building blocks biosynthesis (E. coli),,0.511070912,0.001014002,,0.53919003,0.000518766,65,0.491417764,0.000208566,93,,1.771370131,113.0900315,0.039596428,0.290293074,,0.09277346,0.049668498,0.06365831,0.626514418
superpathway of L-alanine biosynthesis,,0.508688604,0.001290656,,0.502996243,0.00066763,65,0.512667136,0.000438044,93,,-0.290839311,135.0814335,0.385810144,0.466479537,,-0.019044075,0.065124446,0.770349573,0.972688227
pyrimidine deoxyribonucleotide phosphorylation,,0.504700317,0.000862237,,0.510989418,0.000436058,65,0.500304709,0.000128036,93,,0.449869814,101.0413544,0.326883984,0.452137402,,0.02113155,0.043571492,0.628366836,0.945760775
pentose phosphate pathway,,0.499860486,0.001023601,,0.489041277,0.000472046,65,0.507422298,0.000248935,93,,-0.684553739,125.0979862,0.247445933,0.413433057,,-0.036896694,0.052648165,0.484461634,0.883418758
superpathway of pyrimidine ribonucleosides salvage,,0.498647213,0.001263208,,0.50148919,0.00071718,65,0.496660885,0.000382155,93,,0.145622885,125.5741583,0.442226297,0.485286986,,0.009674581,0.064837284,0.881578098,0.99939153
dTDP-L-rhamnose biosynthesis I,,0.498145538,0.001469034,,0.542358259,0.001261836,65,0.467244174,0.000349823,93,,1.871047472,99.1058874,0.032144259,0.290293074,,0.1490748,0.072783564,0.042217511,0.626514418
superpathway of geranylgeranyl diphosphate biosynthesis II (via MEP),,0.491824358,0.001107061,,0.497771666,0.000600991,65,0.487667638,0.000268754,93,,0.342608831,117.6689065,0.366252003,0.460992269,,0.020507366,0.05749467,0.721811188,0.953651205
superpathway of L-phenylalanine biosynthesis,,0.487367792,0.001027442,,0.505046728,0.000450995,65,0.475011547,0.000260256,93,,1.126207996,129.2384682,0.131082198,0.350969662,,0.061311842,0.053479183,0.253359563,0.74136083
mixed acid fermentation,,0.487055398,0.000807119,,0.486229257,0.000270402,65,0.487632808,0.000166933,93,,-0.067115247,132.3287167,0.473295627,0.496009457,,-0.002882445,0.042477398,0.945985318,0.99939153
methylerythritol phosphate pathway I,,0.483763852,0.001136665,,0.486806572,0.000624473,65,0.481637219,0.000288101,93,,0.171120487,119.0479712,0.43220977,0.483278862,,0.010675688,0.060116751,0.859281174,0.99939153
methylerythritol phosphate pathway II,,0.483763852,0.001136665,,0.486806572,0.000624473,65,0.481637219,0.000288101,93,,0.171120487,119.0479712,0.43220977,0.483278862,,0.010675688,0.060116751,0.859281174,0.99939153
queuosine biosynthesis,,0.480926755,0.000981444,,0.461867659,0.000446282,65,0.494247629,0.000219565,93,,-1.254843258,121.9339001,0.105967744,0.336539649,,-0.067758266,0.052540555,0.199085254,0.687658625
heme biosynthesis II (anaerobic),,0.469897906,0.00121364,,0.443425992,0.000579177,65,0.488399782,0.000384073,93,,-1.449071568,135.5568327,0.074813495,0.309380162,,-0.09660338,0.066492357,0.148274099,0.657348506
purine ribonucleosides degradation,,0.469854219,0.001864747,,0.475197816,0.001343465,65,0.466119446,0.000939307,93,,0.190010072,137.888556,0.424790338,0.483278862,,0.019289249,0.101527459,0.849563596,0.99939153
GDP-mannose biosynthesis,,0.46592986,0.001119266,,0.442763406,0.000462519,65,0.482121468,0.000342058,93,,-1.387554244,140.2897007,0.083736459,0.309380162,,-0.085160537,0.061718289,0.169614484,0.670061178
superpathway of L-tyrosine biosynthesis,,0.462679798,0.001009266,,0.477244071,0.000446015,65,0.452500467,0.000247016,93,,0.939910511,127.3477721,0.17452143,0.367464966,,0.053239245,0.055427548,0.338280174,0.798661476
L-methionine biosynthesis I,,0.46090358,0.001024387,,0.458461559,0.00040664,65,0.462610369,0.000282908,93,,-0.157994276,137.6734235,0.437346405,0.485286986,,-0.009008716,0.056996639,0.874616321,0.99939153
oleate biosynthesis IV (anaerobic),,0.454344283,0.001489498,,0.429775343,0.000839082,65,0.471516123,0.000600543,93,,-1.100109292,138.899126,0.136593733,0.352065511,,-0.092690684,0.084525414,0.274505612,0.761815537
pyrimidine deoxyribonucleosides salvage,,0.451638319,0.001379269,,0.440535402,0.000729302,65,0.459398422,0.000515263,93,,-0.534690431,138.3419473,0.296861129,0.436839226,,-0.041927045,0.078505561,0.594057032,0.922290879
peptidoglycan biosynthesis IV (Enterococcus faecium),,0.448677929,0.001703213,,0.460367734,0.001198819,65,0.440507635,0.000744227,93,,0.450546844,132.5823101,0.326526051,0.452137402,,0.044097813,0.09681961,0.649409016,0.947140841
L-methionine biosynthesis III,,0.44393108,0.001087437,,0.43526573,0.000474035,65,0.449987508,0.000310242,93,,-0.525685064,134.9687507,0.299984832,0.436839226,,-0.033263105,0.062932988,0.597870183,0.92461319
superpathway of L-methionine biosynthesis (transsulfuration),,0.442052872,0.000974972,,0.43603756,0.000465225,65,0.446257122,0.000208775,93,,-0.393642754,117.8237072,0.347278126,0.454308106,,-0.023166907,0.056683203,0.683314095,0.951664762
superpathway of pyrimidine deoxyribonucleoside salvage,,0.438386604,0.001084611,,0.438374325,0.00049871,65,0.438395187,0.000296402,93,,-0.000739869,130.5919619,0.4997054,0.4997054,,-4.75897E-05,0.063400684,0.999402052,0.999402052
"superpathway of histidine, purine, and pyrimidine biosynthesis",,0.438103594,0.001062478,,0.437922214,0.000436284,65,0.438230364,0.000304985,93,,-0.011318124,137.8814447,0.495492998,0.499246733,,-0.000703417,0.062150579,0.990984244,0.99939153
superpathway of pyrimidine deoxyribonucleotides de novo biosynthesis,,0.438034048,0.001018989,,0.425633941,0.000436195,65,0.446700789,0.000261578,93,,-0.797521571,131.0021249,0.213295688,0.399553895,,-0.048309312,0.05982951,0.420636962,0.853234379
"superpathway of L-lysine, L-threonine and L-methionine biosynthesis I",,0.428649549,0.000785713,,0.422880125,0.00028015,65,0.432681942,0.000146153,93,,-0.474730566,124.6040701,0.317905006,0.450737335,,-0.022914165,0.047075709,0.627117715,0.945760775
L-arginine biosynthesis II (acetyl cycle),,0.428600879,0.00100562,,0.415875051,0.000464922,65,0.437495275,0.000235106,93,,-0.817151404,123.1811816,0.207709781,0.394699395,,-0.050681048,0.060417483,0.402838502,0.853234379
palmitate biosynthesis II (bacteria and plants),,0.426577529,0.001388416,,0.42391506,0.000722134,65,0.428438394,0.000531844,93,,-0.127736099,140.1151895,0.449270484,0.488443932,,-0.010613851,0.083476188,0.898986808,0.99939153
TCA cycle I (prokaryotic),,0.419625788,0.001347816,,0.378978868,0.000635781,65,0.448034926,0.000501709,93,,-2.04751998,142.9405829,0.021219098,0.290293074,,-0.167390741,0.082806165,0.04494014,0.626514418
L-arginine biosynthesis I (via L-ornithine),,0.419343978,0.000853283,,0.41029172,0.000344794,65,0.425670826,0.000164826,93,,-0.681251884,120.6368942,0.248508889,0.413433057,,-0.036797921,0.052337042,0.483044408,0.883418758
pantothenate and coenzyme A biosynthesis I,,0.417908429,0.000876185,,0.396037366,0.000296332,65,0.433194656,0.000201416,93,,-1.665478999,136.6510994,0.049054086,0.309380162,,-0.089678613,0.053795754,0.097516761,0.626514418
L-arginine biosynthesis IV (archaebacteria),,0.417806595,0.000848911,,0.408755344,0.000340568,65,0.424132737,0.000163473,93,,-0.68493612,120.8207106,0.247348073,0.413433057,,-0.036929668,0.052259728,0.480834213,0.883418758
palmitoleate biosynthesis I (from (5Z)-dodec-5-enoate),,0.413884678,0.001525919,,0.387756346,0.000877827,65,0.432146415,0.000630993,93,,-1.142791972,139.0841486,0.127544166,0.35096636,,-0.108387287,0.095222568,0.256760292,0.74136083
superpathway of purine deoxyribonucleosides degradation,,0.410480141,0.001522015,,0.423849513,0.000915326,65,0.401135956,0.000613813,93,,0.580846733,136.0544741,0.281152336,0.430125241,,0.055078057,0.094498102,0.560837,0.898690614
glycogen degradation I (bacterial),,0.410144534,0.001136928,,0.42045571,0.000503075,65,0.402937799,0.000346147,93,,0.601134544,137.189219,0.274371167,0.430125241,,0.042556941,0.070712424,0.548160186,0.897656579
superpathway of N-acetylneuraminate degradation,,0.409191299,0.001374565,,0.422128883,0.000618821,65,0.400148902,0.000562477,93,,0.639510486,148.1016325,0.261739427,0.424445443,,0.053473945,0.085770918,0.533898828,0.897656579
stearate biosynthesis II (bacteria and plants),,0.408970357,0.001514562,,0.382809343,0.000864299,65,0.427254936,0.00062173,93,,-1.152962277,139.1158874,0.125451537,0.350036108,,-0.109843809,0.095660698,0.252617003,0.74136083
mycolate biosynthesis,,0.408798503,0.001664955,,0.392539435,0.001115948,65,0.420162368,0.000723842,93,,-0.643999725,134.5667687,0.260335875,0.423975568,,-0.068004223,0.105036234,0.518301525,0.887563555
TCA cycle VI (obligate autotrophs),,0.405921031,0.000833041,,0.385568048,0.000261444,65,0.420146235,0.000185427,93,,-1.635728777,138.5082212,0.052083413,0.309380162,,-0.085885133,0.052626855,0.104704078,0.626514418
L-histidine biosynthesis,,0.405271148,0.000858717,,0.381567429,0.000321288,65,0.421838263,0.000174322,93,,-1.808923813,126.4038062,0.036419787,0.290293074,,-0.100334393,0.054490813,0.067475641,0.626514418
L-isoleucine biosynthesis IV,,0.404942264,0.00130567,,0.417832467,0.000667397,65,0.395932982,0.000454288,93,,0.653880598,136.7151817,0.257143537,0.422223339,,0.053835596,0.082165679,0.513298963,0.883418758
preQ0 biosynthesis,,0.403074555,0.000913078,,0.378793264,0.000332075,65,0.420045349,0.000212841,93,,-1.767181191,134.0293695,0.039736915,0.290293074,,-0.103372101,0.058207142,0.077693114,0.626514418
superpathway of pyrimidine deoxyribonucleosides degradation,,0.400719658,0.001401585,,0.41281636,0.000836489,65,0.392264973,0.000491278,93,,0.564001472,130.0462578,0.286862249,0.431917122,,0.051065284,0.089093989,0.567360327,0.905507081
tetrapyrrole biosynthesis I (from glutamate),,0.396893864,0.001079642,,0.414468305,0.000498836,65,0.384610653,0.000287428,93,,1.064808305,129.1688116,0.144474553,0.361400626,,0.074764974,0.068963323,0.279981331,0.765154458
aspartate superpathway,,0.395733871,0.0007778,,0.392682726,0.000279077,65,0.397866391,0.000141317,93,,-0.252818357,123.2429914,0.400414891,0.474081725,,-0.013114276,0.050441939,0.795216207,0.988446314
superpathway of fatty acid biosynthesis initiation (E. coli),,0.387948539,0.001590467,,0.368459592,0.000980003,65,0.401569847,0.000677369,93,,-0.813303158,137.3880058,0.208725745,0.394699395,,-0.086050432,0.105833274,0.417413995,0.853234379
superpathway of glycolysis and Entner-Doudoroff,,0.38765431,0.000883039,,0.377883255,0.00028671,65,0.394483542,0.000216559,93,,-0.739972039,141.1678961,0.2302729,0.405687058,,-0.042992121,0.05849555,0.46346488,0.876409891
phosphopantothenate biosynthesis I,,0.386456602,0.00094512,,0.357783407,0.000327274,65,0.406497007,0.000239447,93,,-2.046281975,139.8366877,0.021301163,0.290293074,,-0.127648771,0.062752757,0.043630129,0.626514418
L-ornithine biosynthesis,,0.384213646,0.001150525,,0.363842709,0.000546173,65,0.398451398,0.000335457,93,,-1.165579926,132.0951076,0.122942336,0.350036108,,-0.090863873,0.077274716,0.241444121,0.74136083
tetrapyrrole biosynthesis II (from glycine),,0.37955073,0.001043194,,0.396903359,0.000480814,65,0.367422549,0.000260847,93,,1.082522006,126.3986662,0.140540729,0.354909815,,0.077180279,0.069615683,0.269282202,0.761815537
taxadiene biosynthesis (engineered),,0.373852039,0.000867857,,0.380610624,0.000256596,65,0.369128297,0.000219668,93,,0.526145737,146.0317072,0.299792552,0.436839226,,0.030632595,0.059333287,0.606389843,0.930575182
TCA cycle V (2-oxoglutarate:ferredoxin oxidoreductase),,0.373754941,0.001126078,,0.342826392,0.000363755,65,0.395371669,0.000391664,93,,-1.911786929,152.7921935,0.028887656,0.290293074,,-0.142602084,0.07716926,0.066508504,0.626514418
incomplete reductive TCA cycle,,0.359023622,0.001478334,,0.344040108,0.000739262,65,0.36949597,0.000638792,93,,-0.685732471,146.3656681,0.246983271,0.413433057,,-0.071381588,0.105968063,0.50155345,0.883418758
L-histidine degradation I,,0.352080989,0.001484728,,0.36545529,0.001418389,65,0.342733359,0.000317861,93,,0.545304443,92.66170714,0.293427185,0.436839226,,0.064191179,0.106494864,0.547541511,0.897656579
superpathway of L-aspartate and L-asparagine biosynthesis,,0.35018252,0.001329063,,0.356956028,0.000794695,65,0.345448348,0.00042218,93,,0.329886661,125.4354046,0.37101794,0.462899113,,0.032769472,0.096860593,0.735580085,0.957055671
NAD salvage pathway I,,0.339414268,0.001012821,,0.337768049,0.00040911,65,0.340564851,0.000270955,93,,-0.107247296,135.5008694,0.457375712,0.489257129,,-0.008246151,0.07652569,0.914327205,0.99939153
L-lysine biosynthesis II,,0.336110941,0.001239208,,0.349823045,0.000681388,65,0.326527212,0.000369724,93,,0.71854483,126.4064356,0.236873749,0.405687058,,0.068914152,0.093653223,0.462930667,0.876409891
lipid IVA biosynthesis,,0.328741763,0.001273761,,0.343468068,0.000773008,65,0.318449185,0.000364581,93,,0.741780287,120.0320912,0.229834709,0.405687058,,0.075631229,0.098221512,0.442460332,0.873968675
CMP-3-deoxy-D-manno-octulosonate biosynthesis I,,0.325901141,0.001213266,,0.343477858,0.000667127,65,0.313616339,0.000345953,93,,0.938188316,124.3293065,0.174983317,0.367464966,,0.090952261,0.094233479,0.335948555,0.798661476
"superpathway of N-acetylglucosamine, N-acetylmannosamine and N-acetylneuraminate degradation",,0.32401921,0.001377658,,0.347566554,0.000832027,65,0.307561389,0.000457718,93,,1.113946042,127.0391265,0.133702728,0.350969662,,0.122281463,0.107349909,0.256410758,0.74136083
TCA cycle VII (acetate-producers),,0.311762357,0.001358363,,0.287274768,0.000653935,65,0.328877339,0.000519541,93,,-1.214459522,143.2083707,0.113285538,0.345045263,,-0.135245716,0.112731263,0.232067814,0.740760462
TCA cycle VIII (helicobacter),,0.309853494,0.001471738,,0.275100398,0.000795203,65,0.334143292,0.000589989,93,,-1.586400242,140.4243548,0.057448915,0.309380162,,-0.194433802,0.123786982,0.118275437,0.626514418
8-amino-7-oxononanoate biosynthesis I,,0.303813309,0.00135026,,0.306755749,0.000708942,65,0.301756765,0.000490371,93,,0.144349589,137.4198372,0.442717952,0.485286986,,0.016430548,0.113722893,0.885308876,0.99939153
superpathay of heme biosynthesis from glutamate,,0.303055736,0.000861921,,0.299396066,0.00030683,65,0.305613569,0.000190956,93,,-0.278672859,132.6959631,0.39046485,0.466900276,,-0.020554126,0.073024066,0.778722505,0.977076351
biotin biosynthesis I,,0.29403387,0.001242624,,0.29616127,0.00060041,65,0.292546978,0.000415348,93,,0.113403972,137.4248455,0.454937895,0.489257129,,0.012278876,0.108178035,0.909775202,0.99939153
fatty acid &beta;-oxidation I,,0.291121103,0.001826497,,0.25310129,0.001177645,65,0.31769409,0.000936966,93,,-1.404652431,143.2649879,0.081144537,0.309380162,,-0.227299174,0.164463529,0.168927703,0.670061178
Kdo transfer to lipid IVA III (Chlamydia),,0.290021102,0.001002488,,0.283806735,0.000348196,65,0.294364477,0.00029057,93,,-0.417734417,145.0946873,0.338379415,0.453117442,,-0.036525223,0.088775013,0.681317664,0.951664762
anhydromuropeptides recycling,,0.288075875,0.001141981,,0.26585814,0.000513573,65,0.3036044,0.000341319,93,,-1.290976596,135.6549616,0.099453752,0.32261827,,-0.132762678,0.10274857,0.19822912,0.687658625
superpathway of thiamin diphosphate biosynthesis I,,0.28650502,0.001275723,,0.313760349,0.000795366,65,0.267455597,0.000349213,93,,1.368682733,116.8651051,0.086861849,0.309445335,,0.159675917,0.111457019,0.153966379,0.667745494
superpathway of geranylgeranyldiphosphate biosynthesis I (via mevalonate),,0.281651526,0.001457684,,0.313255046,0.001027705,65,0.259563043,0.000460782,93,,1.39167288,117.7843001,0.083322051,0.309380162,,0.188018088,0.129367704,0.148132007,0.657348506
NAD biosynthesis I (from aspartate),,0.277726062,0.001047849,,0.275765155,0.000502489,65,0.279096589,0.000258605,93,,-0.120757011,123.9821172,0.452039492,0.489257129,,-0.012008304,0.096829376,0.901462973,0.99939153
heme biosynthesis I (aerobic),,0.274030403,0.000891742,,0.261788966,0.000340476,65,0.282586247,0.000196792,93,,-0.897245301,129.3116644,0.18562774,0.373033953,,-0.076445097,0.083998715,0.36418716,0.818465367
adenosylcobalamin salvage from cobinamide I,,0.269622095,0.001207822,,0.283361251,0.00072506,65,0.260019459,0.000313299,93,,0.724370085,116.1695875,0.235147455,0.405687058,,0.085966119,0.113345187,0.449328804,0.876409891
guanosine nucleotides degradation III,,0.267137769,0.001469717,,0.237391546,0.000704991,65,0.287928139,0.000635295,93,,-1.380407381,147.8154204,0.084772597,0.309380162,,-0.19300006,0.143009041,0.179110644,0.674199499
superpathway of sulfate assimilation and cysteine biosynthesis,,0.260833812,0.001319582,,0.228904225,0.000596818,65,0.28315019,0.000494319,93,,-1.642206158,144.8132073,0.051358547,0.309380162,,-0.212673778,0.131850974,0.108768668,0.626514418
colanic acid building blocks biosynthesis,,0.259069868,0.001011395,,0.238068234,0.000337696,65,0.27374843,0.000298697,93,,-1.41437497,147.1838865,0.079681881,0.309380162,,-0.139652215,0.100738373,0.167637698,0.670061178
TCA cycle IV (2-oxoglutarate decarboxylase),,0.255927267,0.001345108,,0.219865658,0.000563394,65,0.281131618,0.000538104,93,,-1.845982137,149.6619465,0.033435199,0.290293074,,-0.245806237,0.136951856,0.074615828,0.626514418
ppGpp biosynthesis,,0.254899822,0.001292157,,0.284067105,0.000875218,65,0.234514086,0.000328327,93,,1.428364189,110.23265,0.078007174,0.309380162,,0.19169484,0.126080051,0.130429298,0.626514418
fatty acid salvage,,0.253091905,0.001918972,,0.203250019,0.001197859,65,0.287927633,0.001072393,93,,-1.777180737,147.5954348,0.038799069,0.290293074,,-0.348272333,0.202128923,0.086866284,0.626514418
adenosine nucleotides degradation II,,0.251771624,0.001455314,,0.232098735,0.000845564,65,0.265521492,0.000554073,93,,-0.893376622,135.0235775,0.186622531,0.373033953,,-0.134532926,0.150315666,0.372164496,0.829573374
lactose and galactose degradation I,,0.251285227,0.001413275,,0.256033122,0.000704805,65,0.247966805,0.000571975,93,,0.225744532,144.0362825,0.410860061,0.479336738,,0.032011932,0.143812442,0.824141893,0.99939153
adenosylcobalamin salvage from cobinamide II,,0.250064207,0.001149865,,0.263004022,0.000646917,65,0.24102025,0.000288973,93,,0.718604178,117.6204247,0.236904974,0.405687058,,0.08728837,0.116376338,0.454352766,0.876409891
sucrose degradation IV (sucrose phosphorylase),,0.24878431,0.001035676,,0.264719731,0.000533581,65,0.237646649,0.00022864,93,,0.98061175,115.8072852,0.1644142,0.362437933,,0.107886745,0.104928802,0.305452036,0.775450111
"adenosylcobalamin biosynthesis from cobyrinate a,c-diamide I",,0.248767753,0.001152291,,0.262407103,0.000655866,65,0.239234874,0.00028694,93,,0.75466913,116.7096376,0.225983825,0.405687058,,0.09245132,0.11711901,0.431088484,0.862305129
"superpathway of glycolysis, pyruvate dehydrogenase, TCA, and glyoxylate bypass",,0.248384786,0.001210677,,0.219192288,0.00055078,65,0.268788144,0.000392635,93,,-1.61470727,138.7281578,0.054323133,0.309380162,,-0.203974127,0.127326109,0.111182578,0.626514418
reductive TCA cycle I,,0.244657424,0.000886527,,0.235470395,0.000287527,65,0.251078467,0.000219133,93,,-0.693411398,141.5365121,0.244593886,0.413433057,,-0.064180315,0.093270724,0.49240681,0.883418758
mevalonate pathway I,,0.240345306,0.001402953,,0.269641469,0.00101293,65,0.219869493,0.000398059,93,,1.32502165,112.1377701,0.093928786,0.317407029,,0.204059025,0.145382505,0.162425171,0.670019505
superpathway of glyoxylate bypass and TCA,,0.239108245,0.001425038,,0.202009086,0.000733071,65,0.265037765,0.000556053,93,,-1.755459522,141.342009,0.040673576,0.290293074,,-0.271559648,0.157249583,0.086158944,0.626514418
superpathway of GDP-mannose-derived O-antigen building blocks biosynthesis,,0.236460243,0.001015497,,0.209183186,0.000299814,65,0.255524852,0.000317015,93,,-1.865904283,152.3812553,0.031988475,0.290293074,,-0.20010932,0.110847014,0.072960036,0.626514418
L-arginine biosynthesis III (via N-acetyl-L-citrulline),,0.235228714,0.001015652,,0.229030346,0.000399438,65,0.239560906,0.000277828,93,,-0.404642784,137.662511,0.343184068,0.454308106,,-0.044953181,0.111082133,0.686264021,0.951664762
superpathway of L-methionine biosynthesis (by sulfhydrylation),,0.228364374,0.001052558,,0.201459939,0.000371627,65,0.247168549,0.000317468,93,,-1.74123936,145.9548163,0.041874354,0.293120477,,-0.204479944,0.11975278,0.0897153,0.626514418
glucose and glucose-1-phosphate degradation,,0.223800954,0.001292634,,0.230989355,0.000640744,65,0.218776803,0.000453208,93,,0.369238827,138.3909146,0.356257029,0.457510209,,0.054319581,0.147355706,0.712904088,0.951664762
superpathway of hexitol degradation (bacteria),,0.220963209,0.000951817,,0.23229934,0.000278943,65,0.213040107,0.000277719,93,,0.816287979,150.8545713,0.20781128,0.394699395,,0.086546355,0.109911869,0.432233147,0.862305129
superpathway of thiamin diphosphate biosynthesis II,,0.217969931,0.001031671,,0.228144276,0.000433616,65,0.210858829,0.000275394,93,,0.649164287,133.6164489,0.258673243,0.422994361,,0.078789368,0.120356249,0.513667047,0.883418758
thiazole biosynthesis I (E. coli),,0.217700378,0.001257529,,0.249001898,0.000803434,65,0.195822971,0.000321119,93,,1.585804177,112.8432235,0.057791074,0.309380162,,0.240249475,0.143305011,0.095645034,0.626514418
ubiquinol-10 biosynthesis (prokaryotic),,0.202731557,0.001139369,,0.192631319,0.000514915,65,0.209790864,0.000342992,93,,-0.58584889,135.7563707,0.279474887,0.430125241,,-0.085333048,0.145271601,0.557781981,0.897656579
ubiquinol-7 biosynthesis (prokaryotic),,0.202731557,0.001139369,,0.192631319,0.000514915,65,0.209790864,0.000342992,93,,-0.58584889,135.7563707,0.279474887,0.430125241,,-0.085333048,0.145271601,0.557781981,0.897656579
ubiquinol-8 biosynthesis (prokaryotic),,0.202731557,0.001139369,,0.192631319,0.000514915,65,0.209790864,0.000342992,93,,-0.58584889,135.7563707,0.279474887,0.430125241,,-0.085333048,0.145271601,0.557781981,0.897656579
ubiquinol-9 biosynthesis (prokaryotic),,0.202731557,0.001139369,,0.192631319,0.000514915,65,0.209790864,0.000342992,93,,-0.58584889,135.7563707,0.279474887,0.430125241,,-0.085333048,0.145271601,0.557781981,0.897656579
sulfate reduction I (assimilatory),,0.201634034,0.001274411,,0.168460069,0.000481104,65,0.224820139,0.000495861,93,,-1.803151314,151.7626241,0.036674161,0.290293074,,-0.288601958,0.165621445,0.083384671,0.626514418
"superpathway of (R,R)-butanediol biosynthesis",,0.201094072,0.001278976,,0.193819856,0.000443695,65,0.206178201,0.000532909,93,,-0.395458579,154.7578231,0.346524539,0.454308106,,-0.061811702,0.163324306,0.705603506,0.951664762
purine nucleotides degradation II (aerobic),,0.198651972,0.000968863,,0.181595193,0.0003538,65,0.210573377,0.000254224,93,,-1.175197431,139.0686421,0.120961946,0.350036108,,-0.148054185,0.12667068,0.244262416,0.74136083
pyruvate fermentation to propanoate I,,0.198328707,0.001043095,,0.169112195,0.000361559,65,0.218748851,0.000311604,93,,-1.913119874,146.272247,0.028843315,0.290293074,,-0.257361901,0.137611722,0.063329189,0.626514418
superpathway of menaquinol-11 biosynthesis,,0.1947495,0.00092697,,0.18855557,0.000324801,65,0.199078591,0.000235201,93,,-0.444677692,139.3992591,0.328621169,0.452137402,,-0.054306909,0.122539411,0.658250153,0.947140841
superpathway of menaquinol-12 biosynthesis,,0.1947495,0.00092697,,0.18855557,0.000324801,65,0.199078591,0.000235201,93,,-0.444677692,139.3992591,0.328621169,0.452137402,,-0.054306909,0.122539411,0.658250153,0.947140841
superpathway of menaquinol-13 biosynthesis,,0.1947495,0.00092697,,0.18855557,0.000324801,65,0.199078591,0.000235201,93,,-0.444677692,139.3992591,0.328621169,0.452137402,,-0.054306909,0.122539411,0.658250153,0.947140841
superpathway of menaquinol-7 biosynthesis,,0.19400966,0.000907509,,0.188481188,0.000300351,65,0.197873646,0.000230836,93,,-0.407526391,141.8793123,0.342117828,0.454308106,,-0.048630469,0.120320982,0.686639207,0.951664762
superpathway of menaquinol-8 biosynthesis I,,0.193028557,0.000883954,,0.188989967,0.000315461,65,0.195851227,0.000204344,93,,-0.300942801,134.506291,0.381961405,0.46449605,,-0.0356614,0.117759606,0.762421184,0.971809472
urea cycle,,0.19153299,0.000942753,,0.165256251,0.000357277,65,0.209898452,0.000224513,93,,-1.850813117,133.1352797,0.033206325,0.290293074,,-0.239126546,0.129565771,0.066845939,0.626514418
superpathway of UDP-glucose-derived O-antigen building blocks biosynthesis,,0.184819853,0.000943185,,0.180451774,0.000361815,65,0.187872812,0.000231345,93,,-0.304704411,133.9208248,0.380532149,0.464320578,,-0.040301644,0.13130886,0.759311665,0.971042803
Bifidobacterium shunt,,0.184762913,0.001639099,,0.204515195,0.00139001,65,0.170957554,0.000549833,93,,0.761917919,112.4101316,0.223852325,0.405687058,,0.179226975,0.222255613,0.421239745,0.853234379
glyoxylate cycle,,0.18378095,0.001135873,,0.153003036,0.000443583,65,0.205292395,0.00036312,93,,-1.841011539,144.3689921,0.033836288,0.290293074,,-0.293977511,0.163274773,0.07371242,0.626514418
superpathway of ubiquinol-8 biosynthesis (prokaryotic),,0.178355737,0.000998172,,0.173841555,0.000399594,65,0.18151081,0.00026186,93,,-0.298197201,135.0265998,0.383005515,0.46449605,,-0.043170932,0.144032918,0.764782392,0.971809472
L-glutamate and L-glutamine biosynthesis,,0.17801404,0.000972546,,0.164278596,0.000333877,65,0.187614081,0.000268506,93,,-0.950781267,143.68485,0.171655991,0.364312448,,-0.132823345,0.141531829,0.34945377,0.806995569
superpathway of glucose and xylose degradation,,0.177541067,0.0008461,,0.169598532,0.000245732,65,0.1830923,0.000207643,93,,-0.633730527,145.5572669,0.26362564,0.424445443,,-0.076556327,0.122756746,0.533773187,0.897656579
superpathway of demethylmenaquinol-8 biosynthesis,,0.172661103,0.000854162,,0.170435891,0.000305601,65,0.174216359,0.000185564,93,,-0.170581595,131.5728064,0.432407403,0.483278862,,-0.021938747,0.127066996,0.863146448,0.99939153
ADP-L-glycero-&beta;-D-manno-heptose biosynthesis,,0.169257356,0.000821995,,0.180691769,0.000268686,65,0.161265562,0.00017719,93,,0.919985709,135.3091934,0.179608726,0.373033953,,0.113740188,0.123162718,0.357175352,0.818372293
"L-1,2-propanediol degradation",,0.168181427,0.001391431,,0.193849423,0.000944419,65,0.15024143,0.000419194,93,,1.180919845,117.3414982,0.120011333,0.350036108,,0.254838153,0.206654221,0.219370246,0.72337792
"arginine, ornithine and proline interconversion",,0.166583404,0.000884036,,0.168310851,0.00031835,65,0.165376048,0.000203177,93,,0.128511056,133.8372233,0.44896873,0.488443932,,0.017590616,0.135758018,0.897070938,0.99939153
tRNA processing,,0.163414792,0.000897311,,0.164127111,0.000315272,65,0.162916935,0.000215538,93,,0.052526589,136.9070639,0.479092837,0.496009457,,0.007400729,0.140616722,0.958093648,0.99939153
superpathway of pyridoxal 5'-phosphate biosynthesis and salvage,,0.163016432,0.000843254,,0.160595411,0.000268841,65,0.164708542,0.000194943,93,,-0.190991758,139.457128,0.424404912,0.483278862,,-0.025289272,0.132842431,0.849266367,0.99939153
heterolactic fermentation,,0.160630935,0.001521709,,0.183855569,0.001281875,65,0.144398664,0.000430513,93,,0.953502631,105.8978926,0.171253435,0.364312448,,0.241572522,0.235079139,0.305718341,0.775450111
superpathway of phylloquinol biosynthesis,,0.160058461,0.00099221,,0.165166201,0.000528393,65,0.156488535,0.000193727,93,,0.322922472,109.3105584,0.373685423,0.46304498,,0.053969497,0.157474113,0.732270621,0.957055671
"1,4-dihydroxy-2-naphthoate biosynthesis I",,0.151157248,0.000984933,,0.156757311,0.000524454,65,0.147243225,0.000188983,93,,0.3561962,108.6224356,0.36119227,0.457510209,,0.062613008,0.165289197,0.705344887,0.951664762
superpathway of arginine and polyamine biosynthesis,,0.151072797,0.000562552,,0.15079856,0.00013949,65,0.151264469,7.71444E-05,93,,-0.031654628,127.2826315,0.487398531,0.496009457,,-0.00308485,0.09545695,0.974260831,0.99939153
L-leucine degradation I,,0.14411364,0.001130082,,0.127923816,0.000485388,65,0.155429108,0.000345627,93,,-0.954139402,138.6793046,0.17083663,0.364312448,,-0.194754834,0.205604908,0.344987309,0.806995569
thiazole biosynthesis II (Bacillus),,0.141070678,0.001019489,,0.166990327,0.000630553,65,0.122954795,0.00016086,93,,1.565314951,96.4524712,0.060392109,0.309380162,,0.306119123,0.175978298,0.083914372,0.626514418
"superpathway of 2,3-butanediol biosynthesis",,0.13764941,0.000978791,,0.128981552,0.000355892,65,0.143707591,0.00026485,93,,-0.591058497,140.5509762,0.277715277,0.430125241,,-0.108111225,0.184124188,0.557941934,0.897656579
octane oxidation,,0.13436765,0.001399709,,0.125698682,0.000487759,65,0.140426606,0.000659344,93,,-0.434850711,155.8559649,0.332136151,0.452726512,,-0.110797351,0.268002529,0.679867366,0.951664762
pyruvate fermentation to acetone,,0.132229467,0.001521234,,0.175127285,0.001517194,65,0.10224712,0.000298648,93,,1.710292267,89.26940755,0.045342662,0.304007682,,0.538120424,0.274791251,0.051979882,0.626514418
pyridoxal 5'-phosphate biosynthesis I,,0.131692055,0.00082961,,0.125825704,0.000252338,65,0.135792193,0.000192143,93,,-0.472732378,141.5001099,0.318566237,0.450737335,,-0.076228078,0.162504257,0.639664802,0.947140841
superpathway of heme biosynthesis from uroporphyrinogen-III,,0.128080566,0.000635832,,0.121729416,0.000150332,65,0.132519541,0.000111581,93,,-0.66672716,140.4410242,0.253020146,0.418900573,,-0.084929433,0.128131924,0.508418845,0.883418758
"cob(II)yrinate a,c-diamide biosynthesis I (early cobalt insertion)",,0.127191342,0.001049547,,0.165257613,0.000665266,65,0.100585884,0.000162439,93,,2.247898387,95.12446374,0.01344617,0.290293074,,0.496493616,0.197948643,0.013157364,0.626514418
protocatechuate degradation II (ortho-cleavage pathway),,0.124271248,0.001268953,,0.114614967,0.000553675,65,0.131020261,0.000467218,93,,-0.513444882,145.5072176,0.304209448,0.440837556,,-0.133773573,0.264890805,0.614261672,0.93600803
"hexitol fermentation to lactate, formate, ethanol and acetate",,0.123909671,0.000772202,,0.123323858,0.000255744,65,0.124319109,0.000148803,93,,-0.04948207,129.6168656,0.480305647,0.496009457,,-0.008037832,0.159841699,0.959958648,0.99939153
L-tyrosine degradation I,,0.122975226,0.001053128,,0.114652212,0.000417435,65,0.128792385,0.000304194,93,,-0.526377887,139.6673953,0.299730291,0.436839226,,-0.116298386,0.222107211,0.601290275,0.926312045
enterobactin biosynthesis,,0.121786522,0.000878507,,0.114451587,0.000300511,65,0.126913089,0.00020673,93,,-0.55330311,137.1807984,0.290478249,0.434085473,,-0.103350607,0.186874988,0.581023055,0.912709444
4-aminobutanoate degradation V,,0.117615487,0.000891707,,0.109275382,0.000307297,65,0.123444592,0.000213931,93,,-0.620628044,137.7015339,0.267935119,0.425920766,,-0.121921267,0.196851239,0.536584443,0.897656579
superpathway of polyamine biosynthesis I,,0.115912089,0.000478223,,0.113285231,8.85389E-05,65,0.117748065,6.16248E-05,93,,-0.364190142,137.6920704,0.358137343,0.457510209,,-0.038638492,0.106080385,0.716173626,0.951664762
superpathway of heme biosynthesis from glycine,,0.114876118,0.000656288,,0.104027929,0.000143568,65,0.122458186,0.000125979,93,,-1.122570921,146.9075052,0.131725541,0.350969662,,-0.16311022,0.148232656,0.272867614,0.761815537
pyrimidine deoxyribonucleotides de novo biosynthesis III,,0.1135583,0.000864457,,0.110565163,0.00026362,65,0.115650277,0.000214028,93,,-0.232673294,144.0525817,0.408172682,0.479336738,,-0.044965729,0.195753265,0.818621027,0.99939153
peptidoglycan biosynthesis V (&beta;-lactam resistance),,0.111939636,0.000831157,,0.129496812,0.000343593,65,0.099668491,0.000145417,93,,1.348870232,115.2727431,0.090011256,0.312299923,,0.261806676,0.184875415,0.158732523,0.670019505
purine nucleobases degradation I (anaerobic),,0.111366581,0.0008098,,0.11358132,0.000276071,65,0.109818645,0.000166108,93,,0.178936044,131.1549725,0.429132021,0.483278862,,0.033688734,0.185701664,0.856278752,0.99939153
2-methylcitrate cycle II,,0.110815199,0.000929122,,0.109307673,0.000325817,65,0.111868847,0.000237003,93,,-0.107957901,139.5910166,0.457092053,0.489257129,,-0.02316058,0.215290882,0.914468616,0.99939153
D-fructuronate degradation,,0.10899163,0.000896769,,0.113119301,0.000523104,65,0.106106698,0.000113829,93,,0.27786398,91.85784224,0.390870611,0.466900276,,0.063997849,0.20792495,0.758650391,0.971042803
NAD salvage pathway II,,0.095700747,0.000658088,,0.10526095,0.000161639,65,0.089018884,0.000118616,93,,0.970207453,139.9627015,0.16680837,0.364312448,,0.167593978,0.17447256,0.338252383,0.798661476
superpathway of (Kdo)2-lipid A biosynthesis,,0.090439691,0.000758023,,0.102041172,0.000223665,65,0.082331129,0.000152728,93,,1.015936809,136.8544965,0.155726098,0.361400626,,0.21462711,0.212305859,0.313613673,0.777918038
superpathway of polyamine biosynthesis II,,0.090017382,0.000425015,,0.092837402,8.3251E-05,65,0.088046401,4.2167E-05,93,,0.427805455,123.2546506,0.334769655,0.453117442,,0.052985646,0.120182471,0.659912666,0.947140841
2-methylcitrate cycle I,,0.088851439,0.00085945,,0.086593002,0.000286804,65,0.090429916,0.000198852,93,,-0.174107647,137.5235864,0.43101845,0.483278862,,-0.043356134,0.248921449,0.861953,0.99939153
aromatic biogenic amine degradation (bacteria),,0.086834548,0.00098338,,0.071244075,0.000291388,65,0.097731115,0.000298169,93,,-1.090863156,151.5801668,0.138532043,0.352065511,,-0.31610833,0.300159937,0.293908513,0.771509845
4-deoxy-L-threo-hex-4-enopyranuronate degradation,,0.080263654,0.000818762,,0.088199208,0.000463412,65,0.074717298,8.09571E-05,93,,0.577836254,86.47856193,0.282438128,0.430125241,,0.165886358,0.2520338,0.511385614,0.883418758
teichoic acid (poly-glycerol) biosynthesis,,0.076379917,0.000778936,,0.081261741,0.000299046,65,0.07296789,0.000132231,93,,0.399372406,117.1744973,0.345172906,0.454308106,,0.107655828,0.257882884,0.67691584,0.951664762
L-glutamate degradation V (via hydroxyglutarate),,0.075954656,0.001131694,,0.115361342,0.000917318,65,0.048412349,0.00012063,93,,2.078051955,80.96509457,0.020436278,0.290293074,,0.86831439,0.352069506,0.014733286,0.626514418
glutaryl-CoA degradation,,0.075600342,0.000682082,,0.074596444,0.000148573,65,0.076301991,0.000140865,93,,-0.100250257,149.439806,0.460140007,0.489588967,,-0.022606195,0.231495009,0.922333149,0.99939153
D-galacturonate degradation I,,0.070607492,0.000611413,,0.065115763,0.000194927,65,0.074445798,7.60786E-05,93,,-0.566753675,111.8536717,0.286008542,0.431917122,,-0.133904666,0.227439228,0.556881035,0.897656579
"cob(II)yrinate a,c-diamide biosynthesis II (late cobalt incorporation)",,0.07056983,0.000675439,,0.063059966,0.000160636,65,0.07581866,0.000130154,93,,-0.748197399,143.9747742,0.227780769,0.405687058,,-0.184258319,0.250058368,0.462313471,0.876409891
acetyl-CoA fermentation to butanoate II,,0.069227657,0.000599508,,0.057547314,0.000125678,65,0.077391337,0.000101772,93,,-1.315788533,143.9528551,0.09516832,0.317407029,,-0.296267398,0.23013759,0.199879354,0.687658625
L-arginine degradation II (AST pathway),,0.068426007,0.000769366,,0.070202862,0.000221395,65,0.06718412,0.000163465,93,,0.153877268,140.2206587,0.438963875,0.485286986,,0.043952166,0.287212248,0.878572172,0.99939153
L-histidine degradation II,,0.067393213,0.000767867,,0.05721666,0.000166991,65,0.074505857,0.000187565,93,,-0.91818962,153.6576637,0.179979307,0.373033953,,-0.264032624,0.298682205,0.378060983,0.838035179
nitrate reduction VI (assimilatory),,0.066425321,0.000560739,,0.070430125,0.000149362,65,0.063626265,7.12061E-05,93,,0.458125323,120.5139933,0.323843702,0.452137402,,0.101594717,0.213754852,0.635247839,0.945760775
superpathway of &beta;-D-glucuronide and D-glucuronate degradation,,0.065688194,0.000589868,,0.064251178,0.000199985,65,0.06669256,6.21257E-05,93,,-0.150797135,103.0233,0.440215306,0.485286986,,-0.037293342,0.231790766,0.872386418,0.99939153
glycerol degradation to butanol,,0.064640464,0.000513757,,0.076144406,0.000124524,65,0.056600074,5.86563E-05,93,,1.444048144,119.9756425,0.075665889,0.309380162,,0.296621324,0.198438804,0.136993313,0.637245905
"myo-, chiro- and scillo-inositol degradation",,0.064035451,0.000847654,,0.047031921,0.00013503,65,0.075919639,0.000259755,93,,-1.453893439,153.0556897,0.074011662,0.309380162,,-0.478848856,0.351921281,0.175580507,0.670876002
"mono-trans, poly-cis decaprenyl phosphate biosynthesis",,0.061457774,0.000490665,,0.06363713,0.000109885,65,0.059934567,5.6796E-05,93,,0.286786949,124.1788163,0.387376707,0.466900276,,0.059943688,0.203181154,0.768366421,0.972688227
aromatic compounds degradation via &beta;-ketoadipate,,0.053977848,0.000577437,,0.054535373,0.000146728,65,0.05358818,8.13951E-05,93,,0.062712419,127.4228014,0.475046887,0.496009457,,0.017521018,0.273592681,0.949019949,0.99939153
catechol degradation III (ortho-cleavage pathway),,0.053977848,0.000577437,,0.054535373,0.000146728,65,0.05358818,8.13951E-05,93,,0.062712419,127.4228014,0.475046887,0.496009457,,0.017521018,0.273592681,0.949019949,0.99939153
catechol degradation to &beta;-ketoadipate,,0.05376457,0.000581616,,0.055390721,0.000158801,65,0.052628013,7.77143E-05,93,,0.179641063,121.6937869,0.42886657,0.483278862,,0.051163538,0.275492737,0.852908372,0.99939153
superpathway of hexuronide and hexuronate degradation,,0.05342473,0.00053353,,0.05188557,0.000167537,65,0.054500487,4.89065E-05,93,,-0.177740387,100.8410993,0.429641708,0.483278862,,-0.049168921,0.25850136,0.84939375,0.99939153
peptidoglycan biosynthesis II (staphylococci),,0.049404839,0.000782127,,0.045044635,0.000271271,65,0.052452294,0.00014808,93,,-0.361736556,126.6826539,0.35907578,0.457510209,,-0.152250181,0.415206307,0.714350414,0.951664762
L-lysine fermentation to acetate and butanoate,,0.048661848,0.00094772,,0.076096097,0.00066629,65,0.029487373,7.77665E-05,93,,1.708693787,79.06221525,0.045715441,0.304007682,,0.948034827,0.462966083,0.042262353,0.626514418
biotin biosynthesis II,,0.04860024,0.000405755,,0.046067448,5.15816E-05,65,0.050370471,5.02549E-05,93,,-0.426404549,150.2462408,0.335211695,0.453117442,,-0.089298524,0.215176917,0.678711733,0.951664762
superpathway of Clostridium acetobutylicum acidogenic fermentation,,0.043867,0.000372635,,0.037929388,3.58812E-05,65,0.048016944,4.57071E-05,93,,-1.11679152,155.4398636,0.132903391,0.350969662,,-0.235827716,0.220790909,0.287123527,0.771010276
superpathway of sulfur oxidation (Acidianus ambivalens),,0.042148323,0.000516149,,0.026164286,4.69802E-05,65,0.053319962,9.58977E-05,93,,-2.271841924,151.8373661,0.012250289,0.290293074,,-0.711915445,0.340154651,0.037975029,0.626514418
toluene degradation I (aerobic) (via o-cresol),,0.040393448,0.000447322,,0.034638077,5.02354E-05,65,0.044416019,6.68083E-05,93,,-0.903802533,155.7689098,0.183747869,0.373033953,,-0.248646627,0.288362561,0.389862071,0.845407426
toluene degradation II (aerobic) (via 4-methylcatechol),,0.040393448,0.000447322,,0.034638077,5.02354E-05,65,0.044416019,6.68083E-05,93,,-0.903802533,155.7689098,0.183747869,0.373033953,,-0.248646627,0.288362561,0.389862071,0.845407426
formaldehyde assimilation II (RuMP Cycle),,0.038598272,0.000505746,,0.020744981,2.82696E-05,65,0.051076378,9.9309E-05,93,,-2.685365925,135.9920249,0.004073611,0.290293074,,-0.901017759,0.36896297,0.015722298,0.626514418
NAD biosynthesis II (from tryptophan),,0.038009574,0.000587738,,0.034766274,0.000136734,65,0.040276397,9.16208E-05,93,,-0.364633114,136.0193985,0.357975786,0.457510209,,-0.147117827,0.403644415,0.715997787,0.951664762
myo-inositol degradation I,,0.037191072,0.000430543,,0.030156522,4.78299E-05,65,0.042107693,6.10193E-05,93,,-1.145507035,155.4537359,0.126879796,0.35096636,,-0.333829237,0.305319976,0.275914662,0.761815537
mannan degradation,,0.037172189,0.000453867,,0.024588816,3.46216E-05,65,0.04596702,7.54857E-05,93,,-2.037338296,150.2963701,0.021685304,0.290293074,,-0.625632474,0.331204857,0.060753169,0.626514418
fucose degradation,,0.037041974,0.000428627,,0.044184557,0.000114138,65,0.032049846,2.80057E-05,93,,1.017806282,95.26990619,0.155673906,0.361400626,,0.321082958,0.282599651,0.25762529,0.74136083
norspermidine biosynthesis,,0.03568729,0.000361625,,0.03545373,4.91296E-05,65,0.03585053,3.60165E-05,93,,-0.043002051,139.920252,0.482880602,0.496009457,,-0.011129883,0.259912798,0.965898501,0.99939153
pyruvate fermentation to butanoate,,0.035683341,0.000311966,,0.030555364,2.47569E-05,65,0.039267411,3.22053E-05,93,,-1.154321646,155.6182071,0.125068957,0.350036108,,-0.25085469,0.227511102,0.271897199,0.761815537
mycothiol biosynthesis,,0.035615042,0.00045318,,0.035646852,9.43836E-05,65,0.03559281,4.81872E-05,93,,0.004525986,123.6169432,0.498198047,0.499449801,,0.001517179,0.326008633,0.996292765,0.99939153
toluene degradation III (aerobic) (via p-cresol),,0.034828923,0.000480481,,0.050763779,0.000150883,65,0.023691657,2.91159E-05,93,,2.017845489,88.78360603,0.023313171,0.290293074,,0.762060106,0.333184914,0.023528489,0.626514418
superpathway of salicylate degradation,,0.034391379,0.000444213,,0.041206842,0.000111981,65,0.029627883,3.53454E-05,93,,0.953956953,103.5977647,0.171163018,0.364312448,,0.329888401,0.318639313,0.302129399,0.775450111
glucose degradation (oxidative),,0.034332641,0.000616373,,0.033011995,0.000100504,65,0.035255674,0.000125144,93,,-0.1493635,155.2075888,0.440730359,0.485286986,,-0.065755492,0.461195745,0.886808952,0.99939153
superpathway of chorismate metabolism,,0.034094257,0.000396478,,0.037094719,6.7527E-05,65,0.031997159,3.90598E-05,93,,0.493753803,129.3467603,0.311158723,0.444990431,,0.147827482,0.294471544,0.616368725,0.93600803
superpathway of menaquinol-8 biosynthesis II,,0.033977466,0.000401517,,0.033376696,5.62541E-05,65,0.034397359,4.64943E-05,93,,-0.100691957,144.7334087,0.459967173,0.489588967,,-0.030121851,0.303501041,0.921068839,0.99939153
dTDP-N-acetylthomosamine biosynthesis,,0.033568139,0.000483422,,0.027489484,5.77675E-05,65,0.037816662,7.84885E-05,93,,-0.884715926,155.8789578,0.188836245,0.373033953,,-0.318946275,0.378648185,0.400893451,0.853234379
superpathway of menaquinol-10 biosynthesis,,0.033289162,0.000440982,,0.033436622,6.77469E-05,65,0.033186099,5.61416E-05,93,,0.022507809,144.8331671,0.491036931,0.496009457,,0.007520701,0.339296318,0.982344198,0.99939153
superpathway of menaquinol-6 biosynthesis I,,0.033289162,0.000440982,,0.033436622,6.77469E-05,65,0.033186099,5.61416E-05,93,,0.022507809,144.8331671,0.491036931,0.496009457,,0.007520701,0.339296318,0.982344198,0.99939153
superpathway of menaquinol-9 biosynthesis,,0.033289162,0.000440982,,0.033436622,6.77469E-05,65,0.033186099,5.61416E-05,93,,0.022507809,144.8331671,0.491036931,0.496009457,,0.007520701,0.339296318,0.982344198,0.99939153
L-tryptophan degradation to 2-amino-3-carboxymuconate semialdehyde,,0.032287353,0.000552466,,0.029263765,0.000113952,65,0.034400613,8.42924E-05,93,,-0.364834393,140.2988224,0.357892194,0.457510209,,-0.161724298,0.44688565,0.71792254,0.951664762
methylphosphonate degradation I,,0.031370959,0.000458401,,0.015332271,2.22397E-05,65,0.042580796,8.21242E-05,93,,-2.667275617,134.4059809,0.00429335,0.290293074,,-1.021443532,0.425949259,0.017664448,0.626514418
adenosylcobalamin biosynthesis I (early cobalt insertion),,0.031251184,0.00028639,,0.031283822,2.81734E-05,65,0.031228373,2.38735E-05,93,,0.007685915,145.6602992,0.496939052,0.499442523,,0.001774019,0.234810225,0.993981599,0.99939153
methyl ketone biosynthesis,,0.03047401,0.000524257,,0.017971501,4.43039E-05,65,0.039212323,0.000102343,93,,-1.754019767,148.8070036,0.040742888,0.290293074,,-0.780203808,0.485900211,0.110365024,0.626514418
GDP-D-glycero-&alpha;-D-manno-heptose biosynthesis,,0.02997314,0.000342232,,0.033078413,6.4815E-05,65,0.027802788,2.20136E-05,93,,0.566164409,106.3241363,0.286237538,0.431917122,,0.173744605,0.285486068,0.543679898,0.897656579
formaldehyde oxidation I,,0.029495373,0.00039394,,0.0154151,1.54802E-05,65,0.039336424,6.10037E-05,93,,-2.735271027,132.3633948,0.003543885,0.290293074,,-0.936803363,0.377075289,0.01403347,0.626514418
"1,4-dihydroxy-6-naphthoate biosynthesis II",,0.028644272,0.000518723,,0.031651091,0.000136376,65,0.026542731,5.68338E-05,93,,0.367507726,114.6111801,0.356959046,0.457510209,,0.176016717,0.455031816,0.699414495,0.951664762
4-methylcatechol degradation (ortho cleavage),,0.027361079,0.00039246,,0.040089873,0.00010589,65,0.018464609,1.69801E-05,93,,1.950912448,84.65691301,0.027187654,0.290293074,,0.775267858,0.341721384,0.024657068,0.626514418
photorespiration,,0.027213977,0.000386371,,0.023182502,4.11602E-05,65,0.030031675,4.81614E-05,93,,-0.724702599,154.3694581,0.234865754,0.405687058,,-0.258854872,0.371797302,0.487323454,0.883418758
L-rhamnose degradation I,,0.026826212,0.000284141,,0.019886049,1.23406E-05,65,0.031676864,3.03621E-05,93,,-1.804332068,147.0613154,0.036612823,0.290293074,,-0.465568141,0.277370661,0.095250558,0.626514418
superpathway of demethylmenaquinol-6 biosynthesis I,,0.025995669,0.000366875,,0.025842843,4.62377E-05,65,0.026102483,3.9175E-05,93,,-0.028093815,145.6549002,0.488812892,0.496009457,,-0.009996758,0.361898985,0.977998093,0.99939153
superpathway of demethylmenaquinol-9 biosynthesis,,0.025995669,0.000366875,,0.025842843,4.62377E-05,65,0.026102483,3.9175E-05,93,,-0.028093815,145.6549002,0.488812892,0.496009457,,-0.009996758,0.361898985,0.977998093,0.99939153
adenosylcobalamin biosynthesis II (late cobalt incorporation),,0.025442655,0.000289582,,0.021852048,2.46097E-05,65,0.027952219,2.62818E-05,93,,-0.85510493,152.6095875,0.196916759,0.385146015,,-0.246201957,0.298059979,0.410057183,0.853234379
catechol degradation I (meta-cleavage pathway),,0.025411963,0.000284288,,0.0233704,2.90104E-05,65,0.026838862,2.28632E-05,93,,-0.481574806,142.889219,0.315422371,0.449476879,,-0.138380654,0.290737234,0.634765423,0.945760775
polymyxin resistance,,0.024456,0.000480667,,0.019348286,4.79099E-05,65,0.028025907,8.22048E-05,93,,-0.76074232,154.8685191,0.22398385,0.405687058,,-0.370525508,0.517182768,0.474796724,0.883418758
nitrate reduction I (denitrification),,0.023717903,0.000286836,,0.018810772,1.51295E-05,65,0.027147617,3.00218E-05,93,,-1.240700352,152.4396428,0.108311273,0.339203815,,-0.366859586,0.315698887,0.246987744,0.74136083
4-hydroxyphenylacetate degradation,,0.023218807,0.00044344,,0.015108212,2.89013E-05,65,0.028887501,7.51755E-05,93,,-1.350671746,145.4365355,0.089449205,0.312299923,,-0.648170571,0.519038826,0.21361258,0.719374606
phenylacetate degradation I (aerobic),,0.022755173,0.000292192,,0.030362922,4.8008E-05,65,0.017437929,1.50204E-05,93,,1.628029741,103.2795507,0.053282742,0.309380162,,0.554574553,0.316909099,0.082093444,0.626514418
superpathway of UDP-N-acetylglucosamine-derived O-antigen building blocks biosynthesis,,0.018919406,0.000377356,,0.011806096,1.31613E-05,65,0.023891075,5.81776E-05,93,,-1.430812594,128.854303,0.077452313,0.309380162,,-0.704888912,0.53503948,0.189618776,0.687658625
allantoin degradation to glyoxylate III,,0.018438703,0.000215616,,0.015335543,1.22333E-05,65,0.020607578,1.5224E-05,93,,-1.006118389,155.2014541,0.157962334,0.361400626,,-0.295485657,0.306967607,0.337240239,0.798661476
CMP-legionaminate biosynthesis I,,0.017551778,0.000415123,,0.013127468,2.95897E-05,65,0.020644038,6.43004E-05,93,,-0.775728622,150.3783321,0.219563743,0.405583026,,-0.452719684,0.625245981,0.470109344,0.883418758
superpathway of ornithine degradation,,0.017108155,0.000322706,,0.014447079,1.72154E-05,65,0.018968047,3.92425E-05,93,,-0.601684924,149.1600117,0.274148652,0.430125241,,-0.272263582,0.486836706,0.576792897,0.912709444
ectoine biosynthesis,,0.016732919,0.000256364,,0.012696867,1.41609E-05,65,0.019553816,2.30108E-05,93,,-1.124668778,155.4485336,0.131231519,0.350969662,,-0.431815228,0.407541351,0.290981808,0.771509845
methanol oxidation to carbon dioxide,,0.016228492,0.000250752,,0.01793125,3.03959E-05,65,0.015038393,1.39864E-05,93,,0.434232184,118.9312473,0.332453303,0.452726512,,0.17593853,0.389027926,0.651715925,0.947140841
superpathway of phenylethylamine degradation,,0.012764066,0.000183782,,0.016442528,1.85561E-05,65,0.010193097,6.27527E-06,93,,1.25412413,106.1603484,0.106275679,0.336539649,,0.478160428,0.356534431,0.181826323,0.678025262
glycine betaine degradation I,,0.012445598,0.00031367,,0.00477431,1.2745E-05,65,0.017807251,3.81138E-05,93,,-1.827508112,141.1305652,0.03486785,0.290293074,,-1.316356264,0.849422729,0.123238221,0.626514418
3-phenylpropanoate and 3-(3-hydroxyphenyl)propanoate degradation,,0.012316816,0.00026752,,0.007354129,4.01394E-06,65,0.015785362,3.0514E-05,93,,-1.434848151,114.9371125,0.077022926,0.309380162,,-0.763821121,0.578250906,0.188463593,0.687658625
3-phenylpropanoate degradation,,0.012094139,0.000299825,,0.005078569,2.05872E-06,65,0.016997495,3.95431E-05,93,,-1.847911509,101.4337009,0.033764451,0.290293074,,-1.208036338,0.711917727,0.091714361,0.626514418
superpathway of L-arginine and L-ornithine degradation,,0.011866261,0.000177059,,0.015124264,1.42315E-05,65,0.009589162,7.30439E-06,93,,1.192736708,123.8585263,0.117626216,0.350036108,,0.455666819,0.378163573,0.230048747,0.740237501
"superpathway of L-arginine, putrescine, and 4-aminobutanoate degradation",,0.011866261,0.000177059,,0.015124264,1.42315E-05,65,0.009589162,7.30439E-06,93,,1.192736708,123.8585263,0.117626216,0.350036108,,0.455666819,0.378163573,0.230048747,0.740237501
superpathway of fucose and rhamnose degradation,,0.011630173,0.000161992,,0.008772142,3.64514E-06,65,0.013627721,1.0143E-05,93,,-1.307637964,143.3864262,0.096544442,0.318357294,,-0.440525097,0.363290926,0.227117489,0.740237501
succinate fermentation to butanoate,,0.011591609,0.000181623,,0.00941231,4.60711E-06,65,0.013114774,1.28095E-05,93,,-0.887175507,143.4115052,0.188234908,0.373033953,,-0.331721013,0.404378347,0.413283464,0.853234379
superpathway of methylglyoxal degradation,,0.011229148,0.000175818,,0.010031898,1.22924E-05,65,0.012065936,8.16505E-06,93,,-0.449711083,135.6308007,0.326818331,0.452137402,,-0.184616443,0.411364978,0.654206021,0.947140841
reductive acetyl coenzyme A pathway,,0.011025471,0.000190021,,0.010143518,1.25337E-05,65,0.011641889,1.04363E-05,93,,-0.312635975,145.0120832,0.377503193,0.464320578,,-0.137774865,0.447651667,0.75866599,0.971042803
catechol degradation to 2-oxopent-4-enoate II,,0.010910164,0.000192716,,0.007420439,5.52559E-06,65,0.013349219,1.41691E-05,93,,-1.335950903,145.8595224,0.09182299,0.313139941,,-0.587219684,0.474096412,0.217351178,0.722692666
isopropanol biosynthesis,,0.010429912,0.000229376,,0.005920056,2.85457E-06,65,0.013581961,2.24507E-05,93,,-1.523109279,114.2280179,0.065247539,0.309380162,,-0.830396683,0.592426495,0.162995135,0.670019505
catechol degradation II (meta-cleavage pathway),,0.010081168,0.000194144,,0.009587258,9.27234E-06,65,0.010426374,1.27545E-05,93,,-0.178791324,155.9262015,0.429166828,0.483278862,,-0.083903659,0.494812831,0.865570791,0.99939153
superpathway of demethylmenaquinol-6 biosynthesis II,,0.00991344,0.000271579,,0.008363238,9.58233E-06,65,0.010996914,2.9096E-05,93,,-0.423475684,140.6473217,0.336297556,0.453117442,,-0.273768958,0.703506053,0.697696311,0.951664762
superpathway of glycol metabolism and degradation,,0.009750513,0.000153364,,0.010525228,1.22816E-05,65,0.009209046,4.79515E-06,93,,0.318502882,111.8685774,0.375348688,0.463666026,,0.133588794,0.396111142,0.73638118,0.957055671
glycogen degradation II (eukaryotic),,0.009533261,0.000237622,,0.010117286,2.16465E-05,65,0.009125072,1.53361E-05,93,,0.163157342,138.4619244,0.435316223,0.485170874,,0.103219645,0.634648365,0.871011837,0.99939153
nicotinate degradation I,,0.009253804,0.000294489,,0.004653729,1.17553E-05,65,0.012468911,3.3738E-05,93,,-1.158685093,142.4247091,0.124261833,0.350036108,,-0.985569656,0.948371921,0.300309193,0.775450111
"superpathway of glycerol degradation to 1,3-propanediol",,0.009009706,0.000226906,,0.012523167,4.2555E-05,65,0.006554061,2.73506E-06,93,,0.886968227,72.28338486,0.189018827,0.373033953,,0.647495453,0.570663917,0.25826856,0.74136083
L-glutamate degradation VIII (to propanoate),,0.008996434,0.000194476,,0.011436143,1.56065E-05,65,0.007291261,9.66032E-06,93,,0.824587601,132.4496,0.205544147,0.394699395,,0.450102247,0.554565469,0.418240358,0.853234379
toluene degradation IV (aerobic) (via catechol),,0.008845341,0.000145224,,0.00940632,8.6665E-06,65,0.008453258,5.44315E-06,93,,0.253724706,133.1112518,0.400049864,0.474081725,,0.106829814,0.417278915,0.798276253,0.989168401
superpathway of L-tryptophan biosynthesis,,0.007470225,0.000223436,,0.005037581,6.69664E-06,65,0.00917046,1.95368E-05,93,,-0.806909678,141.9110511,0.210534407,0.396241643,,-0.599061405,0.802293954,0.456377165,0.876409891
3-phenylpropanoate and 3-(3-hydroxyphenyl)propanoate degradation to 2-oxopent-4-enoate,,0.007451111,0.000181852,,0.003897436,1.57346E-06,65,0.009934863,1.42207E-05,93,,-1.519158381,111.5223787,0.065776308,0.309380162,,-0.93573118,0.670084011,0.164566194,0.670019505
cinnamate and 3-hydroxycinnamate degradation to 2-oxopent-4-enoate,,0.007451111,0.000181852,,0.003897436,1.57346E-06,65,0.009934863,1.42207E-05,93,,-1.519158381,111.5223787,0.065776308,0.309380162,,-0.93573118,0.670084011,0.164566194,0.670019505
ergothioneine biosynthesis I (bacteria),,0.007385936,0.000196803,,0.004630901,4.13096E-06,65,0.009311499,1.56358E-05,93,,-1.052771328,133.6264276,0.147172895,0.361400626,,-0.69849856,0.720284219,0.333670225,0.798661476
creatinine degradation I,,0.007376407,0.000164479,,0.007161341,6.59172E-06,65,0.007526722,9.18713E-06,93,,-0.091983232,155.9637392,0.463414702,0.491761878,,-0.049762412,0.572060425,0.93079258,0.99939153
enterobacterial common antigen biosynthesis,,0.00731384,0.000162599,,0.007790152,1.05046E-05,65,0.006980934,7.00065E-06,93,,0.193411416,135.7780276,0.423462903,0.483278862,,0.109677783,0.565454307,0.846456405,0.99939153
ketogluconate metabolism,,0.006860634,0.000121692,,0.006939926,5.68891E-06,65,0.006805216,4.01766E-06,93,,0.043238159,138.324312,0.48278702,0.496009457,,0.019601751,0.453809726,0.965602311,0.99939153
superpathway of L-threonine metabolism,,0.006609369,0.000108886,,0.006434926,4.12037E-06,65,0.006731292,3.42734E-06,93,,-0.107875031,144.9735961,0.457121988,0.489257129,,-0.04502678,0.42364264,0.915492931,0.99939153
gallate degradation II,,0.006435307,0.00020104,,0.00138315,2.54519E-07,65,0.009966384,1.80612E-05,93,,-2.005574741,94.58420317,0.023879356,0.290293074,,-1.974854695,1.12811651,0.081984653,0.626514418
methylgallate degradation,,0.006433012,0.000149152,,0.001714039,3.87908E-07,65,0.009731219,9.71467E-06,93,,-2.522351378,99.26631911,0.006623353,0.290293074,,-1.736486517,0.78280216,0.027979091,0.626514418
mycolyl-arabinogalactan-peptidoglycan complex biosynthesis,,0.006120885,0.000160769,,0.00361103,3.14629E-06,65,0.007875084,1.02288E-05,93,,-1.165934344,138.468606,0.122822666,0.350036108,,-0.779710775,0.729036292,0.286492494,0.771010276
L-methionine salvage cycle III,,0.006103606,0.000169878,,0.000956677,2.31217E-07,65,0.009700921,1.27652E-05,93,,-2.425554119,95.31803651,0.008583751,0.290293074,,-2.316510287,1.162489776,0.048036957,0.626514418
S-methyl-5-thio-&alpha;-D-ribose 1-phosphate degradation,,0.006043423,0.000159352,,0.000929601,2.47131E-07,65,0.0096176,1.11745E-05,93,,-2.570729043,96.0467502,0.005841975,0.290293074,,-2.336594861,1.118534369,0.038333282,0.626514418
D-glucarate degradation I,,0.005544485,0.000108713,,0.00662214,5.99186E-06,65,0.004791284,2.48554E-06,93,,0.628814887,114.4137964,0.265361831,0.424445443,,0.323620174,0.490059124,0.509990555,0.883418758
D-galactarate degradation I,,0.005515312,0.000107049,,0.006571995,5.76579E-06,65,0.004776769,2.43155E-06,93,,0.627021805,115.1197357,0.26594326,0.424445443,,0.319053074,0.485419523,0.511974059,0.883418758
superpathway of D-glucarate and D-galactarate degradation,,0.005515312,0.000107049,,0.006571995,5.76579E-06,65,0.004776769,2.43155E-06,93,,0.627021805,115.1197357,0.26594326,0.424445443,,0.319053074,0.485419523,0.511974059,0.883418758
chlorosalicylate degradation,,0.005253747,0.000182573,,0.00194697,5.60759E-07,65,0.007564936,1.48554E-05,93,,-1.430838185,98.87414617,0.077814786,0.309380162,,-1.357249407,1.037194497,0.192602086,0.687658625
chondroitin sulfate degradation I (bacterial),,0.005211761,8.62335E-05,,0.003628715,5.93146E-07,65,0.006318191,3.08566E-06,93,,-1.402213592,124.1734167,0.08167323,0.309380162,,-0.554554356,0.430173295,0.199257059,0.687658625
protocatechuate degradation I (meta-cleavage pathway),,0.004849217,0.000159503,,0.001129583,2.75525E-07,65,0.007448961,1.13416E-05,93,,-1.854062947,96.44243297,0.033393166,0.290293074,,-1.886226156,1.164423401,0.107277826,0.626514418
superpathway of mycolyl-arabinogalactan-peptidoglycan complex biosynthesis,,0.00424966,0.000120287,,0.000873829,5.31521E-07,65,0.006609111,6.22245E-06,93,,-2.206861807,107.2634769,0.014727319,0.290293074,,-2.02331923,1.142412293,0.078497862,0.626514418
L-tryptophan degradation IX,,0.004231873,0.00017508,,0.002506888,9.72618E-07,65,0.005437508,1.35303E-05,93,,-0.769541852,104.9227867,0.221650358,0.405687058,,-0.774278771,1.091499139,0.479152619,0.883418758
L-valine degradation I,,0.004113971,0.000104845,,0.002459843,1.64667E-06,65,0.005270082,4.1995E-06,93,,-1.16227085,146.0205439,0.123510791,0.350036108,,-0.761948368,0.714550818,0.287921131,0.771010276
methanogenesis from acetate,,0.0038858,0.000136016,,0.002473941,3.85861E-06,65,0.004872583,6.5729E-06,93,,-0.742663277,154.9568922,0.229404959,0.405687058,,-0.677811709,0.986812679,0.493184632,0.883418758
2-amino-3-carboxymuconate semialdehyde degradation to 2-oxopentenoate,,0.00387967,0.000143189,,0.001866416,6.97246E-07,65,0.005286783,9.00078E-06,93,,-1.098325116,105.8921982,0.137276802,0.352065511,,-1.041189826,1.0305337,0.313896752,0.777918038
meta cleavage pathway of aromatic compounds,,0.00387312,8.72686E-05,,0.006558318,5.88321E-06,65,0.001996368,5.35135E-07,93,,1.800690468,75.73644984,0.037866415,0.290293074,,1.189404394,0.546493247,0.031027129,0.626514418
L-tryptophan degradation XII (Geobacillus),,0.003839405,0.000173737,,0.001385087,4.30826E-07,65,0.005554789,1.35397E-05,93,,-1.115574297,97.80556894,0.133668936,0.350969662,,-1.388897706,1.360835203,0.309013954,0.775450111
protein N-glycosylation (bacterial),,0.003811756,9.49259E-05,,0.005027504,5.66188E-06,65,0.00296204,1.35581E-06,93,,0.779687414,94.54953277,0.218761123,0.405583026,,0.52904548,0.607350663,0.385053967,0.845210697
androstenedione degradation,,0.00373038,9.49833E-05,,0.003352822,2.58254E-06,65,0.003994264,2.87524E-06,93,,-0.274567161,153.4878135,0.392009004,0.466900276,,-0.175056702,0.661050101,0.791500716,0.988446314
2-nitrobenzoate degradation I,,0.003380466,0.000141819,,0.001586705,4.31859E-07,65,0.00463417,8.96172E-06,93,,-0.994313087,100.7441724,0.161226344,0.361400626,,-1.07179767,1.166972667,0.359804936,0.818372293
pyrimidine deoxyribonucleotides biosynthesis from CTP,,0.003339793,0.00013797,,0.002011867,4.04761E-06,65,0.004267913,6.72919E-06,93,,-0.687231389,155.2287671,0.246481198,0.413433057,,-0.752061723,1.193566194,0.529553388,0.897656579
isoprene biosynthesis II (engineered),,0.003196818,8.51419E-05,,0.00202102,1.04412E-06,65,0.004018612,2.7952E-06,93,,-1.019482729,144.5706346,0.15483843,0.361400626,,-0.687334138,0.730898854,0.348468499,0.806995569
allantoin degradation IV (anaerobic),,0.002969255,7.61386E-05,,0.001369667,2.67518E-07,65,0.004087246,2.49245E-06,93,,-1.635800933,110.9711352,0.052357274,0.309380162,,-1.093303706,0.732088333,0.137351248,0.637245905
CMP-pseudaminate biosynthesis,,0.002930835,7.52231E-05,,0.003007824,2.31146E-06,65,0.002877025,1.46814E-06,93,,0.067279097,133.6197326,0.473230042,0.496009457,,0.044459952,0.65510995,0.945978895,0.99939153
ethylmalonyl-CoA pathway,,0.002883155,0.00010183,,0.001033814,2.7472E-07,65,0.004175705,4.57232E-06,93,,-1.427095056,102.8536872,0.078290665,0.309380162,,-1.396028076,1.082621546,0.199136848,0.687658625
nylon-6 oligomer degradation,,0.002852928,8.64116E-05,,0.001486551,2.96658E-07,65,0.003807922,3.25214E-06,93,,-1.232264431,108.2549865,0.110260008,0.339203815,,-0.940625339,0.828938783,0.258227178,0.74136083
superpathway of aerobic toluene degradation,,0.002661309,7.32775E-05,,0.003156443,2.38183E-06,65,0.002315248,1.29849E-06,93,,0.438484587,126.622723,0.330891122,0.452726512,,0.309929012,0.695927998,0.656686834,0.947140841
pyrimidine deoxyribonucleotides de novo biosynthesis IV,,0.002659447,0.000110465,,0.001538662,2.36748E-06,65,0.003442792,4.4225E-06,93,,-0.730739056,153.5924226,0.233025892,0.405687058,,-0.80536939,1.209510727,0.506481573,0.883418758
2-aminophenol degradation,,0.002140523,0.000132248,,0.00076125,1.78624E-07,65,0.003104531,7.90024E-06,93,,-0.824421417,96.13661935,0.205870468,0.394699395,,-1.405656519,1.858007036,0.450466552,0.876409891
gallate degradation I,,0.002124917,4.88745E-05,,0.000530635,5.84755E-08,65,0.0032392,1.03299E-06,93,,-2.592592485,102.2397329,0.005460183,0.290293074,,-1.809006269,0.812480145,0.027411679,0.626514418
"UDP-2,3-diacetamido-2,3-dideoxy-&alpha;-D-mannuronate biosynthesis",,0.002081368,5.93194E-05,,0.002922493,2.62001E-06,65,0.001493485,3.28891E-07,93,,0.832155105,80.19726145,0.203896265,0.394699395,,0.671324717,0.66973225,0.317713456,0.782516474
"1,5-anhydrofructose degradation",,0.002016315,7.34327E-05,,0.001856748,2.58683E-06,65,0.00212784,1.21208E-06,93,,-0.139087262,119.7389717,0.444807428,0.486241544,,-0.136280776,0.955152328,0.886727326,0.99939153
superpathway of polyamine biosynthesis III,,0.001864967,0.00010116,,0.002799852,6.59915E-06,65,0.001211552,1.46786E-06,93,,0.559211901,92.45555906,0.288684613,0.43302692,,0.837664399,1.36311369,0.539765176,0.897656579
sucrose biosynthesis I (from photosynthesis),,0.001651152,7.16768E-05,,0.003411971,4.57343E-06,65,0.000420472,8.9766E-08,93,,1.385310421,66.51917759,0.085292776,0.309380162,,2.093667238,1.194775883,0.081678145,0.626514418
coenzyme B biosynthesis,,0.001619811,0.000102432,,0.000278555,7.75931E-08,65,0.002557248,4.74537E-06,93,,-1.037597549,94.99673254,0.15104568,0.361400626,,-2.21707019,2.547806037,0.385534704,0.845210697
sulfoglycolysis,,0.001421691,5.51037E-05,,0.000680952,8.90534E-08,65,0.001939412,1.34055E-06,93,,-1.052524811,103.9696942,0.147499442,0.361400626,,-1.046648502,1.079361851,0.333701101,0.798661476
sitosterol degradation to androstenedione,,0.001410519,4.01299E-05,,0.000194609,2.15465E-08,65,0.002260349,7.08141E-07,93,,-2.41828293,97.55389423,0.008724625,0.290293074,,-2.452283736,1.299062742,0.060918853,0.626514418
methylaspartate cycle,,0.001396946,6.7007E-05,,0.001444292,7.40601E-07,65,0.001363855,1.69664E-06,93,,0.051523622,149.0283384,0.479488637,0.496009457,,0.057303973,1.232136965,0.962965006,0.99939153
"1,4-dihydroxy-6-naphthoate biosynthesis I",,0.001274209,4.05315E-05,,0.000193869,1.85011E-08,65,0.002029286,7.28478E-07,93,,-2.123639272,96.64277075,0.018126946,0.290293074,,-2.348258739,1.371938225,0.088951127,0.626514418
glycolysis V (Pyrococcus),,0.001143323,3.6933E-05,,0.001428735,5.59678E-07,65,0.000943842,3.51675E-07,93,,0.507928068,133.131809,0.306172151,0.440837556,,0.414585444,0.827258106,0.616967699,0.93600803
L-arabinose degradation IV,,0.001053795,4.27608E-05,,0.002092514,1.47306E-06,65,0.00032781,1.07459E-07,93,,1.403693223,73.40640227,0.082313314,0.309380162,,1.853687931,1.21479987,0.129054554,0.626514418
superpathway of sulfolactate degradation,,0.001020687,5.61854E-05,,3.41446E-05,1.16585E-09,65,0.001710206,1.43294E-06,93,,-1.399582776,92.14967678,0.08249787,0.309380162,,-3.913764929,4.626516354,0.398880759,0.853234379
vanillin and vanillate degradation II,,0.000911352,3.41505E-05,,9.06679E-05,3.18304E-09,65,0.001484949,5.24001E-07,93,,-1.92030051,93.11616354,0.028940122,0.290293074,,-2.795932722,1.894271474,0.141961224,0.643665093
superpathway of lipopolysaccharide biosynthesis,,0.000905524,3.5426E-05,,0.001380825,1.10217E-06,65,0.000573323,3.60948E-08,93,,0.756871289,68.20960864,0.225866745,0.405687058,,0.878986659,0.860020481,0.30833807,0.775450111
aerobactin biosynthesis,,0.000898263,2.80199E-05,,0.001246479,4.24558E-07,65,0.000654886,1.51658E-07,93,,0.779346091,108.2784802,0.218737968,0.405583026,,0.643617372,0.791546838,0.417392256,0.853234379
superpathway of vanillin and vanillate degradation,,0.000867002,3.13754E-05,,8.19205E-05,2.57751E-09,65,0.001415715,4.41735E-07,93,,-2.000989126,93.07221176,0.02415317,0.290293074,,-2.849639902,1.872238035,0.130021006,0.626514418
vanillin and vanillate degradation I,,0.000867002,3.13754E-05,,8.19205E-05,2.57751E-09,65,0.001415715,4.41735E-07,93,,-2.000989126,93.07221176,0.02415317,0.290293074,,-2.849639902,1.872238035,0.130021006,0.626514418
reductive TCA cycle II,,0.000788988,4.25663E-05,,0.00112382,1.26297E-06,65,0.000554966,2.14478E-07,93,,0.467998454,85.8601902,0.320485753,0.451850938,,0.705581927,1.300680157,0.588267848,0.916870592
benzoyl-CoA degradation I (aerobic),,0.000761524,2.84325E-05,,0.000425821,9.68208E-08,65,0.000996156,3.21787E-07,93,,-0.881507831,137.7633155,0.189789204,0.373033953,,-0.849884514,1.056344172,0.422302298,0.853234379
phospholipases,,0.000727938,2.0032E-05,,0.000270261,7.30412E-08,65,0.001047819,1.45603E-07,93,,-1.662890089,152.3445972,0.049195217,0.309380162,,-1.355077099,0.998130173,0.176546316,0.670876002
superpathway of taurine degradation,,0.000694272,4.34194E-05,,0,0,65,0.001179516,8.57375E-07,93,,-1.27385043,92,0.102962592,0.33130705,,-18.16510394,3849.044571,0.996240523,0.99939153
formaldehyde assimilation I (serine pathway),,0.000670159,3.85783E-05,,0.00056704,2.68839E-07,65,0.000742232,5.50909E-07,93,,-0.193497369,151.7514351,0.42341411,0.483278862,,-0.269232688,1.490195642,0.856861613,0.99939153
sucrose biosynthesis III,,0.000563086,2.54765E-05,,0.001183017,5.83501E-07,65,0.000129801,8.6567E-09,93,,1.368670476,65.90297657,0.087874909,0.310283972,,2.209819941,1.269303557,0.083660316,0.626514418
chitin derivatives degradation,,0.000423957,2.27621E-05,,0.001030541,4.78374E-07,65,0,0,93,,1.489982446,64,0.070570443,0.309380162,,19.03008356,2956.273735,0.994872129,0.99939153
syringate degradation,,0.000393589,2.21481E-05,,0.00051826,2.68593E-07,65,0.000306453,9.39136E-08,93,,0.351788115,107.441915,0.362843089,0.458146812,,0.525411263,1.408495732,0.709632439,0.951664762
chlorophyllide a biosynthesis II (anaerobic),,0.000357283,2.47795E-05,,5.53202E-05,3.06032E-09,65,0.000568332,2.78609E-07,93,,-0.966623967,94.01590251,0.168106014,0.364312448,,-2.329568146,2.902417348,0.423409542,0.853234379
"chlorophyllide a biosynthesis III (aerobic, light independent)",,0.000357283,2.47795E-05,,5.53202E-05,3.06032E-09,65,0.000568332,2.78609E-07,93,,-0.966623967,94.01590251,0.168106014,0.364312448,,-2.329568146,2.902417348,0.423409542,0.853234379
mandelate degradation to acetyl-CoA,,0.000342268,1.91938E-05,,0.000831975,3.40725E-07,65,0,0,93,,1.42530667,64,0.079463756,0.309380162,,18.81604653,2776.770134,0.994602046,0.99939153
mandelate degradation I,,0.000135178,7.58157E-06,,0.000328587,5.31621E-08,65,0,0,93,,1.425110976,64,0.079491926,0.309380162,,18.88704498,2877.508926,0.994771366,0.99939153
starch degradation III,,0.000123717,6.94586E-06,,0.000157726,2.48773E-08,65,9.9948E-05,9.98961E-09,93,,0.309422499,113.0389928,0.378784898,0.464320578,,0.456206171,1.409676715,0.746655646,0.96725845
mannosylglycerate biosynthesis I,,0.000120954,9.62262E-06,,0.000294012,8.64432E-08,65,0,0,93,,1,64,0.160538247,0.361400626,,18.77586639,3879.030905,0.996144159,0.99939153
sucrose degradation II (sucrose synthase),,0.000106274,8.45474E-06,,0,0,65,0.000180552,3.25991E-08,93,,-1,92,0.159966732,0.361400626,,-17.28826463,3162.773907,0.995645632,0.99939153
L-rhamnose degradation II,,9.91886E-05,4.37684E-06,,6.7513E-05,4.55801E-09,65,0.000121327,6.54627E-09,93,,-0.510684909,155.9999697,0.305146812,0.440837556,,-0.586171995,1.22736222,0.633612801,0.945760775
&beta;-alanine biosynthesis II,,8.3326E-05,6.62906E-06,,0,0,65,0.000141565,2.00406E-08,93,,-1,92,0.159966732,0.361400626,,-18.04500139,4617.335593,0.99688679,0.99939153
superpathway of C1 compounds oxidation to CO2,,6.70727E-05,5.33601E-06,,0.000163038,2.65814E-08,65,0,0,93,,1,64,0.160538247,0.361400626,,18.18622898,2888.584709,0.994984679,0.99939153
flavin biosynthesis II (archaea),,5.4699E-05,4.35162E-06,,0,0,65,9.29294E-05,8.63588E-09,93,,-1,92,0.159966732,0.361400626,,-17.624085,3741.02501,0.996247174,0.99939153
4-coumarate degradation (anaerobic),,5.45219E-05,3.18857E-06,,8.57654E-05,7.3557E-09,65,3.2685E-05,1.06831E-09,93,,0.578328061,82.72626911,0.28230688,0.430125241,,0.964698068,1.440068351,0.503913563,0.883418758
phosphopantothenate biosynthesis III,,3.31904E-05,2.64049E-06,,0,0,65,5.6388E-05,3.17961E-09,93,,-1,92,0.159966732,0.361400626,,-17.12450164,2914.120253,0.995318856,0.99939153
factor 420 biosynthesis,,3.03032E-05,2.41079E-06,,0,0,65,5.14829E-05,2.65048E-09,93,,-1,92,0.159966732,0.361400626,,-18.03349363,4590.844291,0.996870822,0.99939153
superpathway of bacteriochlorophyll a biosynthesis,,2.64213E-05,1.50411E-06,,0,0,65,4.48878E-05,1.02733E-09,93,,-1.400471406,92,0.08236794,0.309380162,,-17.89641118,3060.9148,0.995342463,0.99939153
"chlorophyllide a biosynthesis I (aerobic, light-dependent)",,1.87779E-05,1.08156E-06,,0,0,65,3.19022E-05,5.31E-10,93,,-1.384048406,92,0.084846029,0.309380162,,-17.55491888,2611.079533,0.99464426,0.99939153
vitamin B6 degradation,,8.44837E-06,6.72116E-07,,2.0536E-05,4.22E-10,65,0,0,93,,1,64,0.160538247,0.361400626,,18.11442604,2786.719774,0.994821878,0.99939153
"spirilloxanthin and 2,2'-diketo-spirilloxanthin biosynthesis",,8.14265E-06,4.68902E-07,,0,0,65,1.38338E-05,9.99E-11,93,,-1.38432989,92,0.084803082,0.309380162,,-17.71935638,2834.255068,0.99501976,0.99939153
coumarins biosynthesis (engineered),,5.35843E-06,4.26294E-07,,0,0,65,9.10356E-06,8.29E-11,93,,-1,92,0.159966732,0.361400626,,-17.30091061,3182.835456,0.995669912,0.99939153
